Part Family,Material,Threading Type,Coating Type,Weight (lbs),Length (inches),Diameter (inches),RM Cost/Lb,Alpha,Beta,Gamma,Price
X,4130,JFE Lion,Phosphating,948.33024,66,8,0.6214222859,1.8,1.15,1.1," $ 1,341.87 "
X,F22,TenarisHydril Blue®,Xylan Coating,165.23936,46,4,0.8300750243,1.8,1.15,1.1, $ 312.32 
X,4130,JFE Lion,Cu Plating,416.69056,29,8,0.6214222859,1.8,1.15,1.1, $ 589.61 
X,F22,JFE Lion,Ni Plating,341.03069,31,7,0.8300750243,1.8,1.15,1.1, $ 644.58 
X,4130,JFE Lion,Carbide Coating,758.8438,20,13,0.6214222859,1.8,1.15,1.1," $ 1,073.75 "
X,F22,TenarisHydril Blue®,Xylan Coating,517.04653,47,7,0.8300750243,1.8,1.15,1.1, $ 977.26 
X,4130,TenarisHydril Blue®,Phosphating,226.30608,28,6,0.6214222859,1.8,1.15,1.1, $ 320.22 
X,F22,JFE Lion,Xylan Coating,1363.89825,27,15,0.8300750243,1.8,1.15,1.1," $ 2,577.88 "
X,4130,JFE Lion,Phosphating,1778.1192,55,12,0.6214222859,1.8,1.15,1.1," $ 2,516.00 "
X,F22,TenarisHydril Blue®,Phosphating,25.14512,28,2,0.8300750243,1.8,1.15,1.1, $ 47.53 
X,F22,VAM TOP®,Ni Plating,64.65888,8,6,0.8300750243,1.8,1.15,1.1, $ 122.21 
X,4130,TenarisHydril Blue®,Ni Plating,627.05643,57,7,0.6214222859,1.8,1.15,1.1, $ 887.27 
X,4130,VAM TOP®,Xylan Coating,363.03267,33,7,0.6214222859,1.8,1.15,1.1, $ 513.68 
X,4130,TenarisHydril Blue®,Phosphating,143.46189,71,3,0.6214222859,1.8,1.15,1.1, $ 203.00 
X,F22,VAM TOP®,Ni Plating,808.236,25,12,0.8300750243,1.8,1.15,1.1," $ 1,527.63 "
X,4130,JFE Lion,Carbide Coating,2069.08416,36,16,0.6214222859,1.8,1.15,1.1," $ 2,927.71 "
X,F22,VAM TOP®,Xylan Coating,449.02,20,10,0.8300750243,1.8,1.15,1.1, $ 848.68 
X,4130,TenarisHydril Blue®,Cu Plating,1466.94834,54,11,0.6214222859,1.8,1.15,1.1," $ 2,075.70 "
X,F22,JFE Lion,Phosphating,1100.32351,29,13,0.8300750243,1.8,1.15,1.1," $ 2,079.70 "
X,4130,TenarisHydril Blue®,Phosphating,1100.099,25,14,0.6214222859,1.8,1.15,1.1," $ 1,556.62 "
X,F22,VAM TOP®,Carbide Coating,258.63552,72,4,0.8300750243,1.8,1.15,1.1, $ 488.84 
X,F22,JFE Lion,Cu Plating,2010.93607,53,13,0.8300750243,1.8,1.15,1.1," $ 3,800.83 "
X,4130,JFE Lion,Ni Plating,1792.93686,66,11,0.6214222859,1.8,1.15,1.1," $ 2,536.97 "
X,F22,TenarisHydril Blue®,Phosphating,462.04158,42,7,0.8300750243,1.8,1.15,1.1, $ 873.30 
X,F22,TenarisHydril Blue®,Ni Plating,3850.79552,67,16,0.8300750243,1.8,1.15,1.1," $ 7,278.31 "
X,4130,TenarisHydril Blue®,Phosphating,836.52426,46,9,0.6214222859,1.8,1.15,1.1," $ 1,183.66 "
X,F22,VAM TOP®,Ni Plating,96.98832,48,3,0.8300750243,1.8,1.15,1.1, $ 183.32 
X,F22,TenarisHydril Blue®,Xylan Coating,709.22709,39,9,0.8300750243,1.8,1.15,1.1," $ 1,340.50 "
X,F22,JFE Lion,Cu Plating,201.16096,56,4,0.8300750243,1.8,1.15,1.1, $ 380.21 
X,4130,VAM TOP®,Cu Plating,660.0594,15,14,0.6214222859,1.8,1.15,1.1, $ 933.97 
X,4130,JFE Lion,Phosphating,46.69808,52,2,0.6214222859,1.8,1.15,1.1, $ 66.08 
X,4130,VAM TOP®,Xylan Coating,1257.256,56,10,0.6214222859,1.8,1.15,1.1," $ 1,778.99 "
X,F22,VAM TOP®,Carbide Coating,111.13245,55,3,0.8300750243,1.8,1.15,1.1, $ 210.05 
X,4130,TenarisHydril Blue®,Phosphating,2295.39024,71,12,0.6214222859,1.8,1.15,1.1," $ 3,247.93 "
X,4130,TenarisHydril Blue®,Xylan Coating,763.78302,42,9,0.6214222859,1.8,1.15,1.1," $ 1,080.74 "
X,F22,JFE Lion,Carbide Coating,1496.13464,34,14,0.8300750243,1.8,1.15,1.1," $ 2,827.82 "
X,F22,TenarisHydril Blue®,Carbide Coating,57.47456,64,2,0.8300750243,1.8,1.15,1.1, $ 108.63 
X,F22,VAM TOP®,Cu Plating,445.42784,31,8,0.8300750243,1.8,1.15,1.1, $ 841.89 
X,4130,JFE Lion,Xylan Coating,2323.6785,46,15,0.6214222859,1.8,1.15,1.1," $ 3,287.96 "
X,4130,TenarisHydril Blue®,Xylan Coating,1369.511,61,10,0.6214222859,1.8,1.15,1.1," $ 1,937.83 "
X,F22,TenarisHydril Blue®,Xylan Coating,991.43616,69,8,0.8300750243,1.8,1.15,1.1," $ 1,873.89 "
X,4130,VAM TOP®,Ni Plating,145.48248,18,6,0.6214222859,1.8,1.15,1.1, $ 205.85 
X,F22,VAM TOP®,Cu Plating,531.63968,37,8,0.8300750243,1.8,1.15,1.1," $ 1,004.84 "
X,4130,VAM TOP®,Phosphating,2241.50784,39,16,0.6214222859,1.8,1.15,1.1," $ 3,171.69 "
X,4130,TenarisHydril Blue®,Xylan Coating,1369.511,61,10,0.6214222859,1.8,1.15,1.1," $ 1,937.83 "
X,F22,VAM TOP®,Phosphating,94.96773,47,3,0.8300750243,1.8,1.15,1.1, $ 179.50 
X,4130,JFE Lion,Phosphating,1972.99388,52,13,0.6214222859,1.8,1.15,1.1," $ 2,791.74 "
X,F22,TenarisHydril Blue®,Xylan Coating,2508.22572,57,14,0.8300750243,1.8,1.15,1.1," $ 4,740.75 "
X,F22,JFE Lion,Xylan Coating,1100.099,49,10,0.8300750243,1.8,1.15,1.1," $ 2,079.28 "
X,F22,JFE Lion,Ni Plating,396.03564,49,6,0.8300750243,1.8,1.15,1.1, $ 748.54 
X,4130,TenarisHydril Blue®,Ni Plating,51.18828,57,2,0.6214222859,1.8,1.15,1.1, $ 72.43 
X,4130,JFE Lion,Xylan Coating,63.76084,71,2,0.6214222859,1.8,1.15,1.1, $ 90.22 
X,4130,VAM TOP®,Cu Plating,2778.31125,55,15,0.6214222859,1.8,1.15,1.1," $ 3,931.25 "
X,F22,TenarisHydril Blue®,Phosphating,1515.4425,30,15,0.8300750243,1.8,1.15,1.1," $ 2,864.31 "
X,F22,TenarisHydril Blue®,Xylan Coating,129.31776,4,12,0.8300750243,1.8,1.15,1.1, $ 244.42 
X,F22,VAM TOP®,Phosphating,1521.27976,56,11,0.8300750243,1.8,1.15,1.1," $ 2,875.34 "
X,F22,JFE Lion,Cu Plating,353.15423,13,11,0.8300750243,1.8,1.15,1.1, $ 667.49 
X,F22,VAM TOP®,Ni Plating,1972.09584,61,12,0.8300750243,1.8,1.15,1.1," $ 3,727.42 "
X,4130,TenarisHydril Blue®,Carbide Coating,654.67116,36,9,0.6214222859,1.8,1.15,1.1, $ 926.35 
X,4130,JFE Lion,Xylan Coating,387.95328,48,6,0.6214222859,1.8,1.15,1.1, $ 548.95 
X,4130,TenarisHydril Blue®,Ni Plating,47.59612,53,2,0.6214222859,1.8,1.15,1.1, $ 67.35 
X,4130,VAM TOP®,Ni Plating,2390.35797,63,13,0.6214222859,1.8,1.15,1.1," $ 3,382.31 "
X,F22,JFE Lion,Xylan Coating,808.236,36,10,0.8300750243,1.8,1.15,1.1," $ 1,527.63 "
X,F22,VAM TOP®,Phosphating,2298.9824,40,16,0.8300750243,1.8,1.15,1.1," $ 4,345.26 "
X,4130,VAM TOP®,Cu Plating,2238.58921,59,13,0.6214222859,1.8,1.15,1.1," $ 3,167.56 "
X,4130,TenarisHydril Blue®,Carbide Coating,18.18531,9,3,0.6214222859,1.8,1.15,1.1, $ 25.73 
X,4130,TenarisHydril Blue®,Carbide Coating,1385.45121,51,11,0.6214222859,1.8,1.15,1.1," $ 1,960.38 "
X,4130,VAM TOP®,Cu Plating,3435.003,68,15,0.6214222859,1.8,1.15,1.1," $ 4,860.46 "
X,4130,JFE Lion,Phosphating,64.65888,72,2,0.6214222859,1.8,1.15,1.1, $ 91.49 
X,F22,TenarisHydril Blue®,Carbide Coating,2276.5314,60,13,0.8300750243,1.8,1.15,1.1," $ 4,302.83 "
X,4130,TenarisHydril Blue®,Cu Plating,1109.30391,61,9,0.6214222859,1.8,1.15,1.1," $ 1,569.64 "
X,F22,TenarisHydril Blue®,Cu Plating,309.15027,17,9,0.8300750243,1.8,1.15,1.1, $ 584.32 
X,F22,TenarisHydril Blue®,Cu Plating,16.16472,8,3,0.8300750243,1.8,1.15,1.1, $ 30.55 
X,F22,TenarisHydril Blue®,Phosphating,543.3142,20,11,0.8300750243,1.8,1.15,1.1," $ 1,026.91 "
X,4130,VAM TOP®,Xylan Coating,787.80559,29,11,0.6214222859,1.8,1.15,1.1," $ 1,114.73 "
X,F22,VAM TOP®,Cu Plating,1818.531,36,15,0.8300750243,1.8,1.15,1.1," $ 3,437.17 "
X,4130,TenarisHydril Blue®,Carbide Coating,2677.28175,53,15,0.6214222859,1.8,1.15,1.1," $ 3,788.30 "
X,4130,TenarisHydril Blue®,Carbide Coating,740.883,33,10,0.6214222859,1.8,1.15,1.1," $ 1,048.33 "
X,F22,TenarisHydril Blue®,Ni Plating,1875.10752,58,12,0.8300750243,1.8,1.15,1.1," $ 3,544.10 "
X,4130,JFE Lion,Xylan Coating,308.70125,55,5,0.6214222859,1.8,1.15,1.1, $ 436.81 
X,4130,TenarisHydril Blue®,Carbide Coating,2332.20988,53,14,0.6214222859,1.8,1.15,1.1," $ 3,300.03 "
X,F22,JFE Lion,Phosphating,297.02673,27,7,0.8300750243,1.8,1.15,1.1, $ 561.40 
X,F22,VAM TOP®,Ni Plating,1901.5997,70,11,0.8300750243,1.8,1.15,1.1," $ 3,594.18 "
X,F22,TenarisHydril Blue®,Phosphating,3232.944,64,15,0.8300750243,1.8,1.15,1.1," $ 6,110.53 "
X,F22,TenarisHydril Blue®,Phosphating,2263.0608,70,12,0.8300750243,1.8,1.15,1.1," $ 4,277.37 "
X,F22,JFE Lion,Phosphating,22.451,4,5,0.8300750243,1.8,1.15,1.1, $ 42.43 
X,F22,VAM TOP®,Cu Plating,2198.40192,68,12,0.8300750243,1.8,1.15,1.1," $ 4,155.16 "
X,4130,TenarisHydril Blue®,Ni Plating,13.4706,15,2,0.6214222859,1.8,1.15,1.1, $ 19.06 
X,F22,JFE Lion,Phosphating,1122.55,50,10,0.8300750243,1.8,1.15,1.1," $ 2,121.71 "
X,F22,TenarisHydril Blue®,Cu Plating,379.4219,10,13,0.8300750243,1.8,1.15,1.1, $ 717.14 
X,4130,JFE Lion,Cu Plating,1459.315,65,10,0.6214222859,1.8,1.15,1.1," $ 2,064.90 "
X,4130,JFE Lion,Cu Plating,125.7256,35,4,0.6214222859,1.8,1.15,1.1, $ 177.90 
X,4130,VAM TOP®,Phosphating,2728.24552,62,14,0.6214222859,1.8,1.15,1.1," $ 3,860.41 "
X,4130,VAM TOP®,Phosphating,549.60048,17,12,0.6214222859,1.8,1.15,1.1, $ 777.67 
X,4130,JFE Lion,Cu Plating,21.55296,24,2,0.6214222859,1.8,1.15,1.1, $ 30.50 
X,4130,JFE Lion,Phosphating,574.7456,10,16,0.6214222859,1.8,1.15,1.1, $ 813.25 
X,F22,TenarisHydril Blue®,Ni Plating,297.02673,27,7,0.8300750243,1.8,1.15,1.1, $ 561.40 
X,4130,TenarisHydril Blue®,Xylan Coating,459.79648,32,8,0.6214222859,1.8,1.15,1.1, $ 650.60 
X,F22,TenarisHydril Blue®,Carbide Coating,1149.4912,20,16,0.8300750243,1.8,1.15,1.1," $ 2,172.63 "
X,F22,VAM TOP®,Xylan Coating,3081.39975,61,15,0.8300750243,1.8,1.15,1.1," $ 5,824.09 "
X,F22,VAM TOP®,Cu Plating,78.5785,14,5,0.8300750243,1.8,1.15,1.1, $ 148.52 
X,F22,VAM TOP®,Cu Plating,255.04336,71,4,0.8300750243,1.8,1.15,1.1, $ 482.05 
X,4130,JFE Lion,Cu Plating,1012.09108,23,14,0.6214222859,1.8,1.15,1.1," $ 1,432.09 "
X,4130,JFE Lion,Ni Plating,3485.51775,69,15,0.6214222859,1.8,1.15,1.1," $ 4,931.93 "
X,4130,TenarisHydril Blue®,Carbide Coating,3333.52448,58,16,0.6214222859,1.8,1.15,1.1," $ 4,716.87 "
X,F22,TenarisHydril Blue®,Carbide Coating,488.98278,18,11,0.8300750243,1.8,1.15,1.1, $ 924.22 
X,4130,JFE Lion,Ni Plating,2011.6096,35,16,0.6214222859,1.8,1.15,1.1," $ 2,846.38 "
X,F22,JFE Lion,Carbide Coating,2992.26928,68,14,0.8300750243,1.8,1.15,1.1," $ 5,655.63 "
X,4130,JFE Lion,Ni Plating,451.04059,41,7,0.6214222859,1.8,1.15,1.1, $ 638.21 
X,F22,TenarisHydril Blue®,Ni Plating,57.47456,16,4,0.8300750243,1.8,1.15,1.1, $ 108.63 
X,F22,JFE Lion,Carbide Coating,79.02752,22,4,0.8300750243,1.8,1.15,1.1, $ 149.37 
X,F22,JFE Lion,Cu Plating,2374.19325,47,15,0.8300750243,1.8,1.15,1.1," $ 4,487.42 "
X,F22,JFE Lion,Carbide Coating,23.34904,26,2,0.8300750243,1.8,1.15,1.1, $ 44.13 
X,F22,TenarisHydril Blue®,Cu Plating,1928.76541,71,11,0.8300750243,1.8,1.15,1.1," $ 3,645.52 "
X,4130,VAM TOP®,Xylan Coating,495.04455,45,7,0.6214222859,1.8,1.15,1.1, $ 700.48 
X,4130,TenarisHydril Blue®,Cu Plating,287.3728,5,16,0.6214222859,1.8,1.15,1.1, $ 406.63 
X,F22,JFE Lion,Phosphating,679.14275,25,11,0.8300750243,1.8,1.15,1.1," $ 1,283.63 "
X,4130,VAM TOP®,Xylan Coating,244.26688,68,4,0.6214222859,1.8,1.15,1.1, $ 345.63 
X,4130,JFE Lion,Phosphating,1781.71136,31,16,0.6214222859,1.8,1.15,1.1," $ 2,521.08 "
X,F22,JFE Lion,Carbide Coating,215.5296,60,4,0.8300750243,1.8,1.15,1.1, $ 407.37 
X,F22,TenarisHydril Blue®,Carbide Coating,12.57256,14,2,0.8300750243,1.8,1.15,1.1, $ 23.76 
X,4130,VAM TOP®,Cu Plating,1436.864,25,16,0.6214222859,1.8,1.15,1.1," $ 2,033.13 "
X,F22,TenarisHydril Blue®,Phosphating,1724.2368,30,16,0.8300750243,1.8,1.15,1.1," $ 3,258.95 "
X,4130,TenarisHydril Blue®,Phosphating,3103.62624,54,16,0.6214222859,1.8,1.15,1.1," $ 4,391.56 "
X,4130,TenarisHydril Blue®,Cu Plating,573.84756,71,6,0.6214222859,1.8,1.15,1.1, $ 811.98 
X,F22,TenarisHydril Blue®,Xylan Coating,303.0885,6,15,0.8300750243,1.8,1.15,1.1, $ 572.86 
X,4130,TenarisHydril Blue®,Cu Plating,121.2354,15,6,0.6214222859,1.8,1.15,1.1, $ 171.55 
X,4130,TenarisHydril Blue®,Xylan Coating,196.44625,35,5,0.6214222859,1.8,1.15,1.1, $ 277.97 
X,F22,VAM TOP®,Carbide Coating,1479.74541,39,13,0.8300750243,1.8,1.15,1.1," $ 2,796.84 "
X,4130,TenarisHydril Blue®,Phosphating,1358.2855,50,11,0.6214222859,1.8,1.15,1.1," $ 1,921.94 "
X,4130,TenarisHydril Blue®,Cu Plating,660.0594,15,14,0.6214222859,1.8,1.15,1.1, $ 933.97 
X,4130,TenarisHydril Blue®,Ni Plating,671.06039,61,7,0.6214222859,1.8,1.15,1.1, $ 949.54 
X,F22,VAM TOP®,Carbide Coating,617.85152,43,8,0.8300750243,1.8,1.15,1.1," $ 1,167.79 "
X,F22,TenarisHydril Blue®,Cu Plating,71.8432,5,8,0.8300750243,1.8,1.15,1.1, $ 135.79 
X,F22,TenarisHydril Blue®,Carbide Coating,111.13245,55,3,0.8300750243,1.8,1.15,1.1, $ 210.05 
X,F22,JFE Lion,Cu Plating,3965.74464,69,16,0.8300750243,1.8,1.15,1.1," $ 7,495.58 "
X,F22,JFE Lion,Xylan Coating,1320.1188,30,14,0.8300750243,1.8,1.15,1.1," $ 2,495.13 "
X,F22,VAM TOP®,Xylan Coating,251.4512,70,4,0.8300750243,1.8,1.15,1.1, $ 475.26 
X,4130,VAM TOP®,Ni Plating,86.21184,6,8,0.6214222859,1.8,1.15,1.1, $ 121.99 
X,4130,JFE Lion,Carbide Coating,605.05445,55,7,0.6214222859,1.8,1.15,1.1, $ 856.14 
X,4130,JFE Lion,Cu Plating,165.23936,46,4,0.6214222859,1.8,1.15,1.1, $ 233.81 
X,4130,TenarisHydril Blue®,Xylan Coating,56.57652,28,3,0.6214222859,1.8,1.15,1.1, $ 80.05 
X,4130,VAM TOP®,Phosphating,905.22432,28,12,0.6214222859,1.8,1.15,1.1," $ 1,280.87 "
X,4130,VAM TOP®,Cu Plating,2904.26136,66,14,0.6214222859,1.8,1.15,1.1," $ 4,109.47 "
X,4130,TenarisHydril Blue®,Ni Plating,80.8236,10,6,0.6214222859,1.8,1.15,1.1, $ 114.36 
X,4130,VAM TOP®,Phosphating,583.05247,53,7,0.6214222859,1.8,1.15,1.1, $ 825.01 
X,4130,JFE Lion,Carbide Coating,1357.83648,42,12,0.6214222859,1.8,1.15,1.1," $ 1,921.31 "
X,4130,JFE Lion,Cu Plating,570.47991,21,11,0.6214222859,1.8,1.15,1.1, $ 807.22 
X,F22,JFE Lion,Carbide Coating,201.16096,56,4,0.8300750243,1.8,1.15,1.1, $ 380.21 
X,F22,TenarisHydril Blue®,Cu Plating,14.36864,16,2,0.8300750243,1.8,1.15,1.1, $ 27.16 
X,4130,VAM TOP®,Carbide Coating,2124.76264,56,13,0.6214222859,1.8,1.15,1.1," $ 3,006.49 "
X,4130,VAM TOP®,Carbide Coating,1783.28293,47,13,0.6214222859,1.8,1.15,1.1," $ 2,523.31 "
X,F22,TenarisHydril Blue®,Ni Plating,6.28628,7,2,0.8300750243,1.8,1.15,1.1, $ 11.88 
X,F22,JFE Lion,Phosphating,336.765,60,5,0.8300750243,1.8,1.15,1.1, $ 636.51 
X,F22,JFE Lion,Xylan Coating,781.96833,43,9,0.8300750243,1.8,1.15,1.1," $ 1,477.98 "
X,F22,TenarisHydril Blue®,Carbide Coating,201.16096,14,8,0.8300750243,1.8,1.15,1.1, $ 380.21 
X,4130,TenarisHydril Blue®,Cu Plating,347.54148,43,6,0.6214222859,1.8,1.15,1.1, $ 491.76 
X,F22,TenarisHydril Blue®,Cu Plating,707.2065,14,15,0.8300750243,1.8,1.15,1.1," $ 1,336.68 "
X,4130,VAM TOP®,Carbide Coating,1032.746,46,10,0.6214222859,1.8,1.15,1.1," $ 1,461.31 "
X,4130,VAM TOP®,Ni Plating,1549.119,69,10,0.6214222859,1.8,1.15,1.1," $ 2,191.97 "
X,4130,JFE Lion,Ni Plating,1010.295,20,15,0.6214222859,1.8,1.15,1.1," $ 1,429.55 "
X,F22,JFE Lion,Cu Plating,1144.10296,26,14,0.8300750243,1.8,1.15,1.1," $ 2,162.45 "
X,F22,JFE Lion,Ni Plating,143.01287,13,7,0.8300750243,1.8,1.15,1.1, $ 270.31 
X,4130,TenarisHydril Blue®,Carbide Coating,104.17264,29,4,0.6214222859,1.8,1.15,1.1, $ 147.40 
X,F22,TenarisHydril Blue®,Carbide Coating,291.863,52,5,0.8300750243,1.8,1.15,1.1, $ 551.64 
X,F22,JFE Lion,Xylan Coating,86.21184,6,8,0.8300750243,1.8,1.15,1.1, $ 162.95 
X,4130,TenarisHydril Blue®,Xylan Coating,376.05425,67,5,0.6214222859,1.8,1.15,1.1, $ 532.11 
X,F22,JFE Lion,Carbide Coating,760.63988,28,11,0.8300750243,1.8,1.15,1.1," $ 1,437.67 "
X,4130,VAM TOP®,Xylan Coating,2323.6785,46,15,0.6214222859,1.8,1.15,1.1," $ 3,287.96 "
X,F22,VAM TOP®,Xylan Coating,2552.22968,58,14,0.8300750243,1.8,1.15,1.1," $ 4,823.92 "
X,4130,JFE Lion,Phosphating,301.74144,21,8,0.6214222859,1.8,1.15,1.1, $ 426.96 
X,4130,JFE Lion,Phosphating,583.05247,53,7,0.6214222859,1.8,1.15,1.1, $ 825.01 
X,F22,JFE Lion,Xylan Coating,1000.19205,55,9,0.8300750243,1.8,1.15,1.1," $ 1,890.44 "
X,4130,VAM TOP®,Ni Plating,1000.19205,55,9,0.6214222859,1.8,1.15,1.1," $ 1,415.25 "
X,F22,TenarisHydril Blue®,Ni Plating,347.9905,62,5,0.8300750243,1.8,1.15,1.1, $ 657.73 
X,F22,JFE Lion,Xylan Coating,105.07068,52,3,0.8300750243,1.8,1.15,1.1, $ 198.59 
X,4130,TenarisHydril Blue®,Xylan Coating,862.1184,60,8,0.6214222859,1.8,1.15,1.1," $ 1,219.88 "
X,4130,VAM TOP®,Xylan Coating,2424.708,48,15,0.6214222859,1.8,1.15,1.1," $ 3,430.91 "
X,F22,JFE Lion,Phosphating,161.6472,20,6,0.8300750243,1.8,1.15,1.1, $ 305.53 
X,F22,JFE Lion,Ni Plating,308.02772,28,7,0.8300750243,1.8,1.15,1.1, $ 582.20 
X,4130,JFE Lion,Ni Plating,581.92992,32,9,0.6214222859,1.8,1.15,1.1, $ 823.42 
X,F22,TenarisHydril Blue®,Carbide Coating,52.08632,58,2,0.8300750243,1.8,1.15,1.1, $ 98.45 
X,F22,TenarisHydril Blue®,Ni Plating,1631.51417,43,13,0.8300750243,1.8,1.15,1.1," $ 3,083.69 "
X,4130,TenarisHydril Blue®,Cu Plating,341.03069,31,7,0.6214222859,1.8,1.15,1.1, $ 482.55 
X,4130,JFE Lion,Phosphating,51.18828,57,2,0.6214222859,1.8,1.15,1.1, $ 72.43 
X,F22,VAM TOP®,Phosphating,3485.51775,69,15,0.8300750243,1.8,1.15,1.1," $ 6,587.91 "
X,F22,VAM TOP®,Ni Plating,416.69056,29,8,0.8300750243,1.8,1.15,1.1, $ 787.58 
X,4130,VAM TOP®,Ni Plating,57.47456,4,8,0.6214222859,1.8,1.15,1.1, $ 81.33 
X,4130,VAM TOP®,Carbide Coating,605.05445,55,7,0.6214222859,1.8,1.15,1.1, $ 856.14 
X,4130,VAM TOP®,Cu Plating,896.46843,33,11,0.6214222859,1.8,1.15,1.1," $ 1,268.48 "
X,4130,TenarisHydril Blue®,Ni Plating,1818.531,36,15,0.6214222859,1.8,1.15,1.1," $ 2,573.18 "
X,4130,JFE Lion,Xylan Coating,2731.83768,72,13,0.6214222859,1.8,1.15,1.1," $ 3,865.49 "
X,4130,VAM TOP®,Carbide Coating,30.30885,15,3,0.6214222859,1.8,1.15,1.1, $ 42.89 
X,4130,TenarisHydril Blue®,Cu Plating,2200.64702,58,13,0.6214222859,1.8,1.15,1.1," $ 3,113.87 "
X,4130,VAM TOP®,Xylan Coating,179.608,32,5,0.6214222859,1.8,1.15,1.1, $ 254.14 
X,F22,JFE Lion,Xylan Coating,1781.71136,31,16,0.8300750243,1.8,1.15,1.1," $ 3,367.58 "
X,4130,JFE Lion,Xylan Coating,48.49416,54,2,0.6214222859,1.8,1.15,1.1, $ 68.62 
X,4130,VAM TOP®,Carbide Coating,1593.57198,42,13,0.6214222859,1.8,1.15,1.1," $ 2,254.87 "
X,F22,VAM TOP®,Ni Plating,2126.55872,37,16,0.8300750243,1.8,1.15,1.1," $ 4,019.37 "
X,F22,VAM TOP®,Xylan Coating,1163.85984,64,9,0.8300750243,1.8,1.15,1.1," $ 2,199.79 "
X,4130,TenarisHydril Blue®,Phosphating,242.02178,22,7,0.6214222859,1.8,1.15,1.1, $ 342.46 
X,4130,JFE Lion,Cu Plating,2020.59,40,15,0.6214222859,1.8,1.15,1.1," $ 2,859.09 "
X,F22,JFE Lion,Ni Plating,89.804,16,5,0.8300750243,1.8,1.15,1.1, $ 169.74 
X,4130,JFE Lion,Ni Plating,420.28272,13,12,0.6214222859,1.8,1.15,1.1, $ 594.69 
X,F22,VAM TOP®,Carbide Coating,747.16928,52,8,0.8300750243,1.8,1.15,1.1," $ 1,412.21 "
X,4130,VAM TOP®,Xylan Coating,355.62384,11,12,0.6214222859,1.8,1.15,1.1, $ 503.20 
X,4130,VAM TOP®,Cu Plating,1648.80144,51,12,0.6214222859,1.8,1.15,1.1," $ 2,333.02 "
X,4130,VAM TOP®,Xylan Coating,905.22432,28,12,0.6214222859,1.8,1.15,1.1," $ 1,280.87 "
X,F22,VAM TOP®,Phosphating,2011.6096,35,16,0.8300750243,1.8,1.15,1.1," $ 3,802.10 "
X,4130,JFE Lion,Cu Plating,106.64225,19,5,0.6214222859,1.8,1.15,1.1, $ 150.90 
X,4130,VAM TOP®,Carbide Coating,1907.43696,59,12,0.6214222859,1.8,1.15,1.1," $ 2,698.98 "
X,F22,TenarisHydril Blue®,Carbide Coating,165.23936,46,4,0.8300750243,1.8,1.15,1.1, $ 312.32 
X,4130,TenarisHydril Blue®,Ni Plating,1928.76541,71,11,0.6214222859,1.8,1.15,1.1," $ 2,729.16 "
X,4130,TenarisHydril Blue®,Phosphating,22.451,4,5,0.6214222859,1.8,1.15,1.1, $ 31.77 
X,4130,VAM TOP®,Ni Plating,516.14849,19,11,0.6214222859,1.8,1.15,1.1, $ 730.34 
X,F22,JFE Lion,Ni Plating,1892.17028,43,14,0.8300750243,1.8,1.15,1.1," $ 3,576.35 "
X,F22,TenarisHydril Blue®,Phosphating,190.15997,7,11,0.8300750243,1.8,1.15,1.1, $ 359.42 
X,4130,JFE Lion,Carbide Coating,96.98832,27,4,0.6214222859,1.8,1.15,1.1, $ 137.24 
X,4130,TenarisHydril Blue®,Phosphating,161.6472,5,12,0.6214222859,1.8,1.15,1.1, $ 228.73 
X,4130,JFE Lion,Xylan Coating,8.9804,10,2,0.6214222859,1.8,1.15,1.1, $ 12.71 
X,F22,JFE Lion,Carbide Coating,462.04158,42,7,0.8300750243,1.8,1.15,1.1, $ 873.30 
X,F22,VAM TOP®,Ni Plating,800.15364,44,9,0.8300750243,1.8,1.15,1.1," $ 1,512.36 "
X,F22,VAM TOP®,Phosphating,1302.158,58,10,0.8300750243,1.8,1.15,1.1," $ 2,461.18 "
X,4130,TenarisHydril Blue®,Carbide Coating,1738.60544,64,11,0.6214222859,1.8,1.15,1.1," $ 2,460.09 "
X,F22,JFE Lion,Cu Plating,154.46288,43,4,0.8300750243,1.8,1.15,1.1, $ 291.95 
X,F22,VAM TOP®,Carbide Coating,1707.39855,45,13,0.8300750243,1.8,1.15,1.1," $ 3,227.12 "
X,4130,JFE Lion,Xylan Coating,44.00396,4,7,0.6214222859,1.8,1.15,1.1, $ 62.26 
X,4130,TenarisHydril Blue®,Carbide Coating,2576.25225,51,15,0.6214222859,1.8,1.15,1.1," $ 3,645.34 "
X,4130,VAM TOP®,Phosphating,28.73728,8,4,0.6214222859,1.8,1.15,1.1, $ 40.66 
X,F22,TenarisHydril Blue®,Cu Plating,92.94714,46,3,0.8300750243,1.8,1.15,1.1, $ 175.68 
X,4130,JFE Lion,Carbide Coating,493.24847,13,13,0.6214222859,1.8,1.15,1.1, $ 697.94 
X,F22,VAM TOP®,Xylan Coating,600.11523,33,9,0.8300750243,1.8,1.15,1.1," $ 1,134.27 "
X,F22,VAM TOP®,Cu Plating,218.22372,27,6,0.8300750243,1.8,1.15,1.1, $ 412.46 
X,F22,JFE Lion,Xylan Coating,26.26767,13,3,0.8300750243,1.8,1.15,1.1, $ 49.65 
X,F22,VAM TOP®,Xylan Coating,242.4708,30,6,0.8300750243,1.8,1.15,1.1, $ 458.29 
X,4130,VAM TOP®,Carbide Coating,1717.5015,34,15,0.6214222859,1.8,1.15,1.1," $ 2,430.23 "
X,4130,JFE Lion,Carbide Coating,82.61968,23,4,0.6214222859,1.8,1.15,1.1, $ 116.91 
X,F22,VAM TOP®,Xylan Coating,1672.15048,38,14,0.8300750243,1.8,1.15,1.1," $ 3,160.50 "
X,F22,JFE Lion,Ni Plating,1018.37736,56,9,0.8300750243,1.8,1.15,1.1," $ 1,924.82 "
X,F22,JFE Lion,Ni Plating,1379.38944,24,16,0.8300750243,1.8,1.15,1.1," $ 2,607.16 "
X,4130,JFE Lion,Carbide Coating,2314.47359,61,13,0.6214222859,1.8,1.15,1.1," $ 3,274.93 "
X,F22,JFE Lion,Carbide Coating,22.451,4,5,0.8300750243,1.8,1.15,1.1, $ 42.43 
X,F22,TenarisHydril Blue®,Ni Plating,1745.34074,46,13,0.8300750243,1.8,1.15,1.1," $ 3,298.84 "
X,F22,JFE Lion,Phosphating,428.36508,53,6,0.8300750243,1.8,1.15,1.1, $ 809.64 
X,4130,VAM TOP®,Carbide Coating,24.24708,12,3,0.6214222859,1.8,1.15,1.1, $ 34.31 
X,F22,VAM TOP®,Ni Plating,1200.23046,66,9,0.8300750243,1.8,1.15,1.1," $ 2,268.53 "
X,4130,VAM TOP®,Phosphating,75.43536,21,4,0.6214222859,1.8,1.15,1.1, $ 106.74 
X,4130,JFE Lion,Carbide Coating,13.4706,15,2,0.6214222859,1.8,1.15,1.1, $ 19.06 
X,4130,JFE Lion,Ni Plating,3678.37184,64,16,0.6214222859,1.8,1.15,1.1," $ 5,204.82 "
X,4130,TenarisHydril Blue®,Ni Plating,1099.20096,34,12,0.6214222859,1.8,1.15,1.1," $ 1,555.35 "
X,F22,VAM TOP®,Phosphating,549.60048,68,6,0.8300750243,1.8,1.15,1.1," $ 1,038.79 "
X,4130,TenarisHydril Blue®,Ni Plating,968.08712,22,14,0.6214222859,1.8,1.15,1.1," $ 1,369.82 "
X,F22,TenarisHydril Blue®,Phosphating,218.22372,12,9,0.8300750243,1.8,1.15,1.1, $ 412.46 
X,F22,VAM TOP®,Ni Plating,1874.43399,69,11,0.8300750243,1.8,1.15,1.1," $ 3,542.83 "
X,F22,VAM TOP®,Carbide Coating,636.48585,35,9,0.8300750243,1.8,1.15,1.1," $ 1,203.01 "
X,F22,VAM TOP®,Carbide Coating,948.55475,25,13,0.8300750243,1.8,1.15,1.1," $ 1,792.85 "
X,4130,VAM TOP®,Cu Plating,2980.37025,59,15,0.6214222859,1.8,1.15,1.1," $ 4,217.16 "
X,F22,JFE Lion,Carbide Coating,398.50525,71,5,0.8300750243,1.8,1.15,1.1, $ 753.21 
X,4130,VAM TOP®,Ni Plating,201.16096,14,8,0.6214222859,1.8,1.15,1.1, $ 284.64 
X,F22,TenarisHydril Blue®,Cu Plating,3637.062,72,15,0.8300750243,1.8,1.15,1.1," $ 6,874.34 "
X,F22,JFE Lion,Cu Plating,1358.2855,50,11,0.8300750243,1.8,1.15,1.1," $ 2,567.27 "
X,4130,VAM TOP®,Phosphating,418.26213,23,9,0.6214222859,1.8,1.15,1.1, $ 591.83 
X,4130,VAM TOP®,Carbide Coating,517.27104,64,6,0.6214222859,1.8,1.15,1.1, $ 731.93 
X,4130,VAM TOP®,Cu Plating,113.15304,56,3,0.6214222859,1.8,1.15,1.1, $ 160.11 
X,4130,TenarisHydril Blue®,Cu Plating,255.04336,71,4,0.6214222859,1.8,1.15,1.1, $ 360.88 
X,4130,JFE Lion,Ni Plating,3080.2772,70,14,0.6214222859,1.8,1.15,1.1," $ 4,358.53 "
X,4130,VAM TOP®,Phosphating,476.85924,59,6,0.6214222859,1.8,1.15,1.1, $ 674.75 
X,F22,JFE Lion,Phosphating,2068.18612,47,14,0.8300750243,1.8,1.15,1.1," $ 3,909.04 "
X,F22,TenarisHydril Blue®,Xylan Coating,3384.48825,67,15,0.8300750243,1.8,1.15,1.1," $ 6,396.96 "
X,4130,JFE Lion,Ni Plating,39.51376,11,4,0.6214222859,1.8,1.15,1.1, $ 55.91 
X,F22,VAM TOP®,Carbide Coating,303.0885,54,5,0.8300750243,1.8,1.15,1.1, $ 572.86 
X,F22,TenarisHydril Blue®,Ni Plating,61.74025,11,5,0.8300750243,1.8,1.15,1.1, $ 116.69 
X,F22,VAM TOP®,Carbide Coating,345.52089,19,9,0.8300750243,1.8,1.15,1.1, $ 653.06 
X,F22,VAM TOP®,Xylan Coating,876.48704,61,8,0.8300750243,1.8,1.15,1.1," $ 1,656.63 "
X,4130,VAM TOP®,Phosphating,1113.79411,41,11,0.6214222859,1.8,1.15,1.1," $ 1,575.99 "
X,4130,TenarisHydril Blue®,Xylan Coating,169.72956,21,6,0.6214222859,1.8,1.15,1.1, $ 240.16 
X,4130,JFE Lion,Cu Plating,468.77688,58,6,0.6214222859,1.8,1.15,1.1, $ 663.31 
X,F22,TenarisHydril Blue®,Phosphating,286.02574,26,7,0.8300750243,1.8,1.15,1.1, $ 540.61 
X,4130,JFE Lion,Xylan Coating,16.16472,18,2,0.6214222859,1.8,1.15,1.1, $ 22.87 
X,F22,JFE Lion,Ni Plating,1291.15701,71,9,0.8300750243,1.8,1.15,1.1," $ 2,440.39 "
X,F22,VAM TOP®,Phosphating,198.01782,18,7,0.8300750243,1.8,1.15,1.1, $ 374.27 
X,4130,VAM TOP®,Ni Plating,1540.1386,35,14,0.6214222859,1.8,1.15,1.1," $ 2,179.26 "
X,F22,VAM TOP®,Phosphating,78.5785,14,5,0.8300750243,1.8,1.15,1.1, $ 148.52 
X,F22,JFE Lion,Cu Plating,230.12275,41,5,0.8300750243,1.8,1.15,1.1, $ 434.95 
X,F22,VAM TOP®,Cu Plating,977.06752,17,16,0.8300750243,1.8,1.15,1.1," $ 1,846.74 "
X,4130,VAM TOP®,Ni Plating,847.74976,59,8,0.6214222859,1.8,1.15,1.1," $ 1,199.55 "
X,F22,TenarisHydril Blue®,Xylan Coating,185.89428,23,6,0.8300750243,1.8,1.15,1.1, $ 351.36 
X,F22,VAM TOP®,Xylan Coating,563.74461,31,9,0.8300750243,1.8,1.15,1.1," $ 1,065.52 "
X,4130,TenarisHydril Blue®,Xylan Coating,136.50208,38,4,0.6214222859,1.8,1.15,1.1, $ 193.15 
X,4130,JFE Lion,Xylan Coating,204.75312,57,4,0.6214222859,1.8,1.15,1.1, $ 289.72 
X,F22,JFE Lion,Ni Plating,135.37953,67,3,0.8300750243,1.8,1.15,1.1, $ 255.88 
X,F22,TenarisHydril Blue®,Cu Plating,247.85904,69,4,0.8300750243,1.8,1.15,1.1, $ 468.47 
X,F22,VAM TOP®,Cu Plating,905.22432,28,12,0.8300750243,1.8,1.15,1.1," $ 1,710.95 "
X,F22,TenarisHydril Blue®,Xylan Coating,345.52089,19,9,0.8300750243,1.8,1.15,1.1, $ 653.06 
X,4130,JFE Lion,Carbide Coating,589.11424,41,8,0.6214222859,1.8,1.15,1.1, $ 833.58 
X,F22,VAM TOP®,Cu Plating,3448.4736,60,16,0.8300750243,1.8,1.15,1.1," $ 6,517.89 "
X,F22,TenarisHydril Blue®,Ni Plating,1391.962,62,10,0.8300750243,1.8,1.15,1.1," $ 2,630.92 "
X,F22,JFE Lion,Cu Plating,1584.14256,36,14,0.8300750243,1.8,1.15,1.1," $ 2,994.16 "
X,F22,JFE Lion,Phosphating,517.27104,16,12,0.8300750243,1.8,1.15,1.1, $ 977.68 
X,F22,VAM TOP®,Phosphating,70.72065,35,3,0.8300750243,1.8,1.15,1.1, $ 133.67 