Part Family,Material Grade,Threading Type,Coating Type,Weight (lbs),Length (inches),Diameter (inches),RM Cost/Lb,Volume,Alpha,Beta,Gamma,Price
X,A,TenarisHydril Blue®,Phosphating,189,64,2,$12.00,201.0619298,1.8,1.17,1,"$1,427.83"
Z,D,JFE Lion,Ni Plating,43,61,6,$1.10,1724.734367,4.2,1.15,1.05,"$2,703.69"
Z,C,VAM TOP®,Cu Plating,75,114,29,$3.50,75299.26352,4.2,1.2,1.02,"$380,711.33"
X,D,TenarisHydril Blue®,Phosphating,102,31,11,$1.10,2946.028511,1.8,1.17,1,"$1,917.76"
Z,B,VAM TOP®,Ni Plating,146,103,6,$2.80,2912.25639,4.2,1.2,1.05,"$12,125.89"
X,A,VAM TOP®,Phosphating,180,72,26,$12.00,38226.89941,1.8,1.2,1,"$278,426.39"
Y,D,JFE Lion,Carbide Coating,119,46,39,$1.10,54951.1679,2.5,1.15,1.1,"$53,716.35"
Z,D,JFE Lion,Phosphating,103,133,37,$1.10,143002.9414,4.2,1.15,1,"$213,496.67"
Y,C,JFE Lion,Phosphating,43,89,30,$3.50,62910.39289,2.5,1.15,1,"$177,883.07"
Y,B,TenarisHydril Blue®,Carbide Coating,199,8,14,$2.80,1231.50432,2.5,1.17,1.1,"$3,117.59"
X,C,TenarisHydril Blue®,Cu Plating,80,64,1,$3.50,50.26548246,1.8,1.17,1.02,$106.19
X,C,JFE Lion,Phosphating,9,86,34,$3.50,78081.14381,1.8,1.15,1,"$158,961.11"
Y,C,VAM TOP®,Cu Plating,153,96,20,$3.50,30159.28947,2.5,1.2,1.02,"$90,764.68"
Z,C,VAM TOP®,Ni Plating,163,2,10,$3.50,157.0796327,4.2,1.2,1.05,$817.55
X,B,VAM TOP®,Xylan Coating,20,42,2,$2.80,131.9468915,1.8,1.2,1.01,$226.48
Y,A,TenarisHydril Blue®,Ni Plating,25,49,32,$12.00,39408.13825,2.5,1.17,1.05,"$408,120.73"
X,C,JFE Lion,Ni Plating,1,94,34,$3.50,85344.50603,1.8,1.15,1.05,"$182,435.60"
X,D,TenarisHydril Blue®,Ni Plating,191,101,30,$1.10,71392.69305,1.8,1.17,1.05,"$48,797.82"
Y,A,TenarisHydril Blue®,Xylan Coating,104,112,36,$12.00,114002.1142,2.5,1.17,1.01,"$1,135,658.40"
Z,D,JFE Lion,Xylan Coating,119,2,19,$1.10,567.057474,4.2,1.15,1.01,$855.06
Y,A,VAM TOP®,Cu Plating,19,73,29,$12.00,48217.94945,2.5,1.2,1.02,"$497,528.23"
Z,D,VAM TOP®,Ni Plating,61,57,26,$1.10,30262.96203,4.2,1.2,1.05,"$49,502.86"
X,D,JFE Lion,Ni Plating,68,14,38,$1.10,15877.60927,1.8,1.15,1.05,"$10,667.04"
X,D,JFE Lion,Carbide Coating,20,64,37,$1.10,68813.44548,1.8,1.15,1.1,"$48,432.33"
Y,C,JFE Lion,Ni Plating,71,61,36,$3.50,62090.43721,2.5,1.15,1.05,"$184,342.82"
Y,A,VAM TOP®,Phosphating,146,77,13,$12.00,10220.3863,2.5,1.2,1,"$103,389.43"
Y,B,JFE Lion,Phosphating,113,65,11,$2.80,6177.156555,2.5,1.15,1,"$13,973.04"
X,A,VAM TOP®,Phosphating,151,30,28,$12.00,18472.5648,1.8,1.2,1,"$134,545.30"
Z,A,TenarisHydril Blue®,Cu Plating,144,40,30,$12.00,28274.33388,4.2,1.17,1.02,"$477,876.06"
X,D,JFE Lion,Phosphating,185,17,32,$1.10,13672.21123,1.8,1.15,1,"$8,747.99"
Z,C,TenarisHydril Blue®,Phosphating,171,17,31,$3.50,12831.0498,4.2,1.17,1,"$62,011.42"
Z,C,TenarisHydril Blue®,Cu Plating,1,75,31,$3.50,56607.57263,4.2,1.17,1.02,"$279,051.41"
Y,A,JFE Lion,Carbide Coating,94,62,29,$12.00,40952.23104,2.5,1.15,1.1,"$436,712.54"
Z,B,VAM TOP®,Cu Plating,140,112,40,$2.80,140743.3509,4.2,1.2,1.02,"$569,276.09"
Z,D,TenarisHydril Blue®,Carbide Coating,120,8,25,$1.10,3926.990817,4.2,1.17,1.1,"$6,561.25"
X,B,TenarisHydril Blue®,Xylan Coating,149,104,19,$2.80,29486.98865,1.8,1.17,1.01,"$49,348.56"
X,C,VAM TOP®,Carbide Coating,53,134,39,$3.50,160075.1413,1.8,1.2,1.1,"$374,062.95"
Y,D,VAM TOP®,Carbide Coating,188,25,30,$1.10,17671.45868,2.5,1.2,1.1,"$18,025.42"
Y,A,JFE Lion,Xylan Coating,131,65,37,$12.00,69888.65557,2.5,1.15,1.01,"$684,310.93"
X,D,JFE Lion,Phosphating,52,109,23,$1.10,45286.8435,1.8,1.15,1,"$28,976.20"
Z,B,JFE Lion,Ni Plating,81,111,26,$2.80,58933.13659,4.2,1.15,1.05,"$235,158.31"
Z,A,TenarisHydril Blue®,Cu Plating,171,39,36,$12.00,39697.16477,4.2,1.17,1.02,"$670,937.98"
Z,C,TenarisHydril Blue®,Xylan Coating,188,120,25,$3.50,58904.86225,4.2,1.17,1.01,"$287,529.25"
Y,B,JFE Lion,Ni Plating,39,126,4,$2.80,1583.362697,2.5,1.15,1.05,"$3,760.73"
Y,C,JFE Lion,Xylan Coating,193,128,9,$3.50,8143.008158,2.5,1.15,1.01,"$23,255.11"
Y,B,JFE Lion,Ni Plating,150,80,19,$2.80,22682.29896,2.5,1.15,1.05,"$53,873.92"
Y,C,JFE Lion,Xylan Coating,39,26,11,$3.50,2470.862622,2.5,1.15,1.01,"$7,056.38"
X,A,JFE Lion,Ni Plating,42,40,8,$12.00,2010.619298,1.8,1.15,1.05,"$14,735.91"
X,C,TenarisHydril Blue®,Ni Plating,67,81,23,$3.50,33653.5259,1.8,1.17,1.05,"$73,190.14"
Y,B,JFE Lion,Ni Plating,44,139,35,$2.80,133733.6723,2.5,1.15,1.05,"$317,637.87"
X,C,TenarisHydril Blue®,Cu Plating,104,123,27,$3.50,70424.29712,1.8,1.17,1.02,"$148,783.72"
Y,C,JFE Lion,Carbide Coating,2,79,29,$3.50,52181.06858,2.5,1.15,1.1,"$162,299.76"
Y,A,TenarisHydril Blue®,Xylan Coating,97,99,5,$12.00,1943.860454,2.5,1.17,1.01,"$19,364.21"
Y,A,TenarisHydril Blue®,Carbide Coating,49,91,12,$12.00,10291.85753,2.5,1.17,1.1,"$111,660.58"
X,A,VAM TOP®,Carbide Coating,85,133,34,$12.00,120753.3968,1.8,1.2,1.1,"$967,460.76"
Z,A,VAM TOP®,Carbide Coating,75,30,29,$12.00,19815.59566,4.2,1.2,1.1,"$370,440.04"
Z,D,JFE Lion,Ni Plating,69,49,19,$1.10,13892.90811,4.2,1.15,1.05,"$21,778.53"
Z,C,VAM TOP®,Phosphating,109,139,2,$3.50,436.6813788,4.2,1.2,1,"$2,164.56"
X,B,JFE Lion,Xylan Coating,123,43,26,$2.80,22829.95381,1.8,1.15,1.01,"$37,554.42"
Y,C,JFE Lion,Xylan Coating,126,129,20,$3.50,40526.54523,2.5,1.15,1.01,"$115,737.25"
Y,B,TenarisHydril Blue®,Ni Plating,79,75,13,$2.80,9954.921721,2.5,1.17,1.05,"$24,055.67"
Y,A,JFE Lion,Xylan Coating,169,83,29,$12.00,54823.148,2.5,1.15,1.01,"$536,797.84"
Z,B,TenarisHydril Blue®,Cu Plating,175,8,8,$2.80,402.1238597,4.2,1.17,1.02,"$1,585.84"
Z,D,TenarisHydril Blue®,Ni Plating,62,21,32,$1.10,16889.20211,4.2,1.17,1.05,"$26,935.97"
X,D,VAM TOP®,Phosphating,142,15,23,$1.10,6232.134427,1.8,1.2,1,"$4,160.92"
Y,C,TenarisHydril Blue®,Carbide Coating,47,123,8,$3.50,6182.654342,2.5,1.17,1.1,"$19,564.46"
Y,D,JFE Lion,Carbide Coating,174,69,31,$1.10,52078.96682,2.5,1.15,1.1,"$50,908.69"
Z,B,JFE Lion,Xylan Coating,34,49,37,$2.80,52685.2942,4.2,1.15,1.01,"$202,219.14"
X,D,TenarisHydril Blue®,Carbide Coating,122,46,32,$1.10,36995.39509,1.8,1.17,1.1,"$26,490.96"
X,A,JFE Lion,Xylan Coating,77,73,28,$12.00,44949.90769,1.8,1.15,1.01,"$316,889.68"
Y,A,TenarisHydril Blue®,Phosphating,9,38,22,$12.00,14445.04302,2.5,1.17,1,"$142,472.90"
Z,A,JFE Lion,Xylan Coating,145,37,27,$12.00,21184.54466,4.2,1.15,1.01,"$348,477.87"
X,D,VAM TOP®,Xylan Coating,12,123,5,$1.10,2415.099352,1.8,1.2,1.01,"$1,628.58"
Z,B,JFE Lion,Carbide Coating,158,59,7,$2.80,2270.58609,4.2,1.15,1.1,"$9,491.66"
X,D,JFE Lion,Phosphating,34,5,1,$1.10,3.926990817,1.8,1.15,1,$2.51
Z,B,JFE Lion,Cu Plating,48,46,1,$2.80,36.12831552,4.2,1.15,1.02,$140.04
Y,B,JFE Lion,Xylan Coating,30,49,31,$2.80,36983.61412,2.5,1.15,1.01,"$84,495.37"
Y,B,JFE Lion,Cu Plating,33,116,23,$2.80,48195.1729,2.5,1.15,1.02,"$111,200.29"
Z,C,VAM TOP®,Carbide Coating,127,5,3,$3.50,35.34291735,4.2,1.2,1.1,$192.71
Z,A,TenarisHydril Blue®,Ni Plating,160,10,10,$12.00,785.3981634,4.2,1.17,1.05,"$13,664.76"
Y,C,JFE Lion,Cu Plating,184,3,25,$3.50,1472.621556,2.5,1.15,1.02,"$4,247.21"
Y,B,TenarisHydril Blue®,Carbide Coating,23,18,35,$2.80,17318.0295,2.5,1.17,1.1,"$43,841.09"
Z,A,VAM TOP®,Carbide Coating,181,79,14,$12.00,12161.10516,4.2,1.2,1.1,"$227,344.18"
Z,D,JFE Lion,Ni Plating,99,4,18,$1.10,1017.87602,4.2,1.15,1.05,"$1,595.62"
Z,D,JFE Lion,Cu Plating,192,98,31,$1.10,73967.22823,4.2,1.15,1.02,"$112,638.19"
Y,D,VAM TOP®,Ni Plating,154,110,20,$1.10,34557.51919,2.5,1.2,1.05,"$33,647.45"
Y,B,JFE Lion,Carbide Coating,59,128,2,$2.80,402.1238597,2.5,1.15,1.1,"$1,000.59"
X,C,TenarisHydril Blue®,Xylan Coating,156,100,1,$3.50,78.53981634,1.8,1.17,1.01,$164.30
Y,C,VAM TOP®,Carbide Coating,103,73,1,$3.50,57.33406593,2.5,1.2,1.1,$186.08
X,C,TenarisHydril Blue®,Xylan Coating,112,123,10,$3.50,9660.39741,1.8,1.17,1.01,"$20,209.20"
Y,C,JFE Lion,Xylan Coating,98,51,36,$3.50,51911.67701,2.5,1.15,1.01,"$148,251.35"
Z,A,JFE Lion,Phosphating,44,117,21,$12.00,40524.18904,4.2,1.15,1,"$660,007.74"
Z,B,JFE Lion,Carbide Coating,135,32,22,$2.80,12164.24675,4.2,1.15,1.1,"$50,849.82"
Z,A,JFE Lion,Ni Plating,105,73,21,$12.00,25284.32307,4.2,1.15,1.05,"$432,389.69"
X,A,VAM TOP®,Carbide Coating,2,48,39,$12.00,57340.34911,1.8,1.2,1.1,"$459,403.54"
Y,B,VAM TOP®,Ni Plating,78,6,9,$2.80,381.7035074,2.5,1.2,1.05,$946.02
Y,B,TenarisHydril Blue®,Phosphating,172,28,39,$2.80,33448.53698,2.5,1.17,1,"$76,978.13"
X,C,TenarisHydril Blue®,Ni Plating,109,122,19,$3.50,34590.50591,1.8,1.17,1.05,"$75,227.90"
Z,A,VAM TOP®,Carbide Coating,72,123,1,$12.00,96.6039741,4.2,1.2,1.1,"$1,805.95"
Y,D,JFE Lion,Ni Plating,80,20,3,$1.10,141.3716694,2.5,1.15,1.05,$131.91
Z,B,TenarisHydril Blue®,Ni Plating,123,87,15,$2.80,15374.16905,4.2,1.17,1.05,"$62,413.78"
X,A,VAM TOP®,Phosphating,128,120,7,$12.00,4618.141201,1.8,1.2,1,"$33,636.32"
X,D,VAM TOP®,Carbide Coating,44,10,20,$1.10,3141.592654,1.8,1.2,1.1,"$2,307.25"
Y,B,VAM TOP®,Ni Plating,117,3,1,$2.80,2.35619449,2.5,1.2,1.05,$5.84
Z,C,JFE Lion,Carbide Coating,91,64,13,$3.50,8494.866535,4.2,1.15,1.1,"$44,388.53"
Z,B,TenarisHydril Blue®,Phosphating,16,77,2,$2.80,241.9026343,4.2,1.17,1,$935.28
Z,D,TenarisHydril Blue®,Carbide Coating,139,96,28,$1.10,59112.20737,4.2,1.17,1.1,"$98,765.22"
Y,C,VAM TOP®,Xylan Coating,39,7,12,$3.50,791.6813487,2.5,1.2,1.01,"$2,359.21"
Z,B,VAM TOP®,Carbide Coating,68,97,24,$2.80,43881.76619,4.2,1.2,1.1,"$191,413.11"
X,D,TenarisHydril Blue®,Carbide Coating,85,93,5,$1.10,1826.05073,1.8,1.17,1.1,"$1,307.56"
X,A,TenarisHydril Blue®,Xylan Coating,74,125,5,$12.00,2454.369261,1.8,1.17,1.01,"$17,603.83"
Y,D,VAM TOP®,Ni Plating,132,30,10,$1.10,2356.19449,2.5,1.2,1.05,"$2,294.14"
Z,D,TenarisHydril Blue®,Phosphating,34,133,23,$1.10,55258.25858,4.2,1.17,1,"$83,932.73"
X,A,JFE Lion,Carbide Coating,120,21,34,$12.00,19066.32581,1.8,1.15,1.1,"$146,392.09"
X,A,TenarisHydril Blue®,Phosphating,125,94,17,$12.00,21336.12651,1.8,1.17,1,"$151,517.05"
Z,C,VAM TOP®,Cu Plating,139,121,37,$3.50,130100.4204,4.2,1.2,1.02,"$657,784.71"
Z,B,TenarisHydril Blue®,Xylan Coating,113,31,24,$2.80,14024.06961,4.2,1.17,1.01,"$54,763.97"
X,A,TenarisHydril Blue®,Ni Plating,41,109,33,$12.00,93227.54739,1.8,1.17,1.05,"$695,151.54"
X,D,TenarisHydril Blue®,Ni Plating,88,57,28,$1.10,35097.87313,1.8,1.17,1.05,"$23,989.85"
Z,C,VAM TOP®,Carbide Coating,164,45,3,$3.50,318.0862562,4.2,1.2,1.1,"$1,734.37"
Y,B,TenarisHydril Blue®,Phosphating,26,63,28,$2.80,38792.38609,2.5,1.17,1,"$89,276.41"
Y,D,JFE Lion,Phosphating,168,22,7,$1.10,846.6592201,2.5,1.15,1,$752.39
X,D,TenarisHydril Blue®,Phosphating,136,43,39,$1.10,51367.39608,1.8,1.17,1,"$33,438.36"
X,B,JFE Lion,Xylan Coating,76,71,40,$2.80,89221.23136,1.8,1.15,1.01,"$146,765.60"
X,B,TenarisHydril Blue®,Cu Plating,56,116,20,$2.80,36442.47478,1.8,1.17,1.02,"$61,592.91"
X,D,TenarisHydril Blue®,Ni Plating,134,67,38,$1.10,75985.70151,1.8,1.17,1.05,"$51,937.20"
X,D,JFE Lion,Xylan Coating,132,20,13,$1.10,2654.645792,1.8,1.15,1.01,"$1,715.53"
Y,D,JFE Lion,Xylan Coating,125,5,36,$1.10,5089.380099,2.5,1.15,1.01,"$4,567.97"
Y,B,TenarisHydril Blue®,Ni Plating,133,90,29,$2.80,59446.78699,2.5,1.17,1.05,"$143,650.75"
Z,D,TenarisHydril Blue®,Phosphating,156,116,1,$1.10,91.10618695,4.2,1.17,1,$138.38
Y,A,TenarisHydril Blue®,Cu Plating,148,34,29,$12.00,22457.67508,2.5,1.17,1.02,"$225,932.34"
Z,C,JFE Lion,Carbide Coating,153,29,18,$3.50,7379.601143,4.2,1.15,1.1,"$38,560.89"
Z,A,VAM TOP®,Phosphating,66,88,18,$12.00,22393.27243,4.2,1.2,1,"$380,570.98"
Z,D,VAM TOP®,Carbide Coating,179,24,14,$1.10,3694.512961,4.2,1.2,1.1,"$6,331.10"
Y,C,TenarisHydril Blue®,Cu Plating,93,11,15,$3.50,1943.860454,2.5,1.17,1.02,"$5,703.82"
Z,C,JFE Lion,Ni Plating,196,105,31,$3.50,79250.60168,4.2,1.15,1.05,"$395,287.76"
X,D,VAM TOP®,Cu Plating,120,103,34,$1.10,93515.78852,1.8,1.2,1.02,"$63,685.10"
Z,C,TenarisHydril Blue®,Cu Plating,156,50,34,$3.50,45396.01384,4.2,1.17,1.02,"$223,783.16"
Y,C,JFE Lion,Cu Plating,145,118,37,$3.50,126874.7901,2.5,1.15,1.02,"$365,921.33"
Y,A,VAM TOP®,Ni Plating,194,18,13,$12.00,2389.181213,2.5,1.2,1.05,"$25,377.41"
Z,B,VAM TOP®,Xylan Coating,176,113,35,$2.80,108718.7408,4.2,1.2,1.01,"$435,432.33"
Y,D,VAM TOP®,Carbide Coating,60,120,8,$1.10,6031.857895,2.5,1.2,1.1,"$6,152.68"
Y,C,JFE Lion,Ni Plating,77,68,15,$3.50,12016.5919,2.5,1.15,1.05,"$35,676.55"
Y,A,TenarisHydril Blue®,Cu Plating,124,114,32,$12.00,91684.24,2.5,1.17,1.02,"$922,376.64"
Y,D,TenarisHydril Blue®,Xylan Coating,113,3,11,$1.10,285.0995333,2.5,1.17,1.01,$260.34
Z,C,TenarisHydril Blue®,Xylan Coating,98,86,36,$3.50,87537.3377,4.2,1.17,1.01,"$427,291.47"
Z,A,TenarisHydril Blue®,Phosphating,155,22,24,$12.00,9952.565527,4.2,1.17,1,"$164,914.09"
X,B,TenarisHydril Blue®,Phosphating,66,112,30,$2.80,79168.13487,1.8,1.17,1,"$131,181.66"
Y,D,JFE Lion,Ni Plating,89,45,18,$1.10,11451.10522,2.5,1.15,1.05,"$10,684.98"
Z,C,JFE Lion,Cu Plating,25,44,25,$3.50,21598.44949,4.2,1.15,1.02,"$104,651.21"
X,A,VAM TOP®,Ni Plating,92,89,3,$12.00,629.1039289,1.8,1.2,1.05,"$4,811.20"
Z,C,TenarisHydril Blue®,Ni Plating,28,60,36,$3.50,61072.56119,4.2,1.17,1.05,"$309,916.68"
Z,A,VAM TOP®,Xylan Coating,200,118,28,$12.00,72658.75489,4.2,1.2,1.01,"$1,247,175.09"
Z,C,TenarisHydril Blue®,Ni Plating,35,56,38,$3.50,63510.43708,4.2,1.17,1.05,"$322,287.84"
X,C,VAM TOP®,Xylan Coating,145,68,29,$3.50,44915.35017,1.8,1.2,1.01,"$96,370.54"
Z,B,JFE Lion,Cu Plating,60,66,29,$2.80,43594.31046,4.2,1.15,1.02,"$168,982.40"
Y,B,JFE Lion,Ni Plating,85,41,30,$2.80,28981.19223,2.5,1.15,1.05,"$68,834.75"
Z,B,JFE Lion,Phosphating,73,34,24,$2.80,15381.23763,4.2,1.15,1,"$58,452.46"
X,C,JFE Lion,Carbide Coating,61,102,10,$3.50,8011.061267,1.8,1.15,1.1,"$17,940.21"
Z,B,TenarisHydril Blue®,Xylan Coating,26,41,35,$2.80,39446.62276,4.2,1.17,1.01,"$154,039.00"
Y,C,TenarisHydril Blue®,Ni Plating,4,86,10,$3.50,6754.424205,2.5,1.17,1.05,"$20,402.24"
X,A,TenarisHydril Blue®,Ni Plating,91,80,21,$12.00,27708.8472,1.8,1.17,1.05,"$206,611.12"
X,D,TenarisHydril Blue®,Phosphating,5,96,34,$1.10,87160.34658,1.8,1.17,1,"$56,738.30"
X,A,JFE Lion,Cu Plating,28,107,5,$12.00,2100.940087,1.8,1.15,1.02,"$14,957.94"
X,B,VAM TOP®,Xylan Coating,74,117,8,$2.80,5881.061448,1.8,1.2,1.01,"$10,094.74"
Z,C,VAM TOP®,Carbide Coating,30,116,12,$3.50,13119.29092,4.2,1.2,1.1,"$71,533.25"
Y,C,TenarisHydril Blue®,Xylan Coating,1,27,28,$3.50,16625.30832,2.5,1.17,1.01,"$48,304.91"
Y,D,TenarisHydril Blue®,Cu Plating,184,97,5,$1.10,1904.590546,2.5,1.17,1.02,"$1,756.41"
Y,C,VAM TOP®,Carbide Coating,84,106,17,$3.50,24059.88734,2.5,1.2,1.1,"$78,087.57"
Y,A,VAM TOP®,Phosphating,141,91,15,$12.00,16081.0274,2.5,1.2,1,"$162,675.67"
X,B,VAM TOP®,Xylan Coating,101,98,24,$2.80,44334.15553,1.8,1.2,1.01,"$76,098.82"
Y,C,JFE Lion,Ni Plating,54,44,39,$3.50,52561.98669,2.5,1.15,1.05,"$156,053.42"
Y,A,JFE Lion,Carbide Coating,77,63,24,$12.00,28500.52855,2.5,1.15,1.1,"$303,928.21"
X,B,TenarisHydril Blue®,Carbide Coating,199,44,1,$2.80,34.55751919,1.8,1.17,1.1,$62.99
X,C,JFE Lion,Carbide Coating,74,15,20,$3.50,4712.38898,1.8,1.15,1.1,"$10,553.06"
Y,C,VAM TOP®,Cu Plating,195,88,24,$3.50,39810.26211,2.5,1.2,1.02,"$119,809.38"
Z,B,JFE Lion,Carbide Coating,78,111,5,$2.80,2179.479903,4.2,1.15,1.1,"$9,110.81"
X,B,VAM TOP®,Phosphating,111,93,2,$2.80,292.1681168,1.8,1.2,1,$496.54
Z,C,TenarisHydril Blue®,Phosphating,114,137,11,$3.50,13019.54535,4.2,1.17,1,"$62,922.41"
X,D,TenarisHydril Blue®,Xylan Coating,41,24,22,$1.10,9123.185066,1.8,1.17,1.01,"$5,998.26"
X,D,VAM TOP®,Phosphating,68,19,33,$1.10,16250.6734,1.8,1.2,1,"$10,849.86"
Y,D,VAM TOP®,Phosphating,97,89,17,$1.10,20201.22616,2.5,1.2,1,"$18,732.60"
Y,A,VAM TOP®,Phosphating,63,64,29,$12.00,42273.27075,2.5,1.2,1,"$427,636.41"
Y,C,TenarisHydril Blue®,Cu Plating,3,8,30,$3.50,5654.866776,2.5,1.17,1.02,"$16,592.92"
X,B,JFE Lion,Carbide Coating,151,133,3,$2.80,940.1216016,1.8,1.15,1.1,"$1,684.27"
X,B,VAM TOP®,Carbide Coating,45,46,33,$2.80,39343.7356,1.8,1.2,1.1,"$73,550.63"
Y,A,JFE Lion,Cu Plating,150,128,30,$12.00,90477.86842,2.5,1.15,1.02,"$894,680.45"
Z,B,VAM TOP®,Cu Plating,99,23,33,$2.80,19671.8678,4.2,1.2,1.02,"$79,568.41"
X,A,VAM TOP®,Ni Plating,182,125,20,$12.00,39269.90817,1.8,1.2,1.05,"$300,324.32"
Y,B,JFE Lion,Cu Plating,54,30,20,$2.80,9424.777961,2.5,1.15,1.02,"$21,745.71"
X,B,JFE Lion,Ni Plating,70,60,4,$2.80,753.9822369,1.8,1.15,1.05,"$1,289.39"
Y,C,JFE Lion,Carbide Coating,66,65,9,$3.50,4135.12133,2.5,1.15,1.1,"$12,861.55"
X,C,TenarisHydril Blue®,Ni Plating,166,131,5,$3.50,2572.178985,1.8,1.17,1.05,"$5,594.01"
Y,C,VAM TOP®,Ni Plating,131,122,9,$3.50,7761.304651,2.5,1.2,1.05,"$24,044.72"
Z,D,TenarisHydril Blue®,Phosphating,138,47,20,$1.10,14765.48547,4.2,1.17,1,"$22,427.55"
Z,C,JFE Lion,Xylan Coating,8,87,26,$3.50,46190.83679,4.2,1.15,1.01,"$221,614.77"
Y,C,JFE Lion,Ni Plating,111,41,40,$3.50,51522.11952,2.5,1.15,1.05,"$152,966.11"
Z,A,JFE Lion,Xylan Coating,81,65,31,$12.00,49059.89628,4.2,1.15,1.01,"$807,017.02"
Z,C,TenarisHydril Blue®,Carbide Coating,86,5,5,$3.50,98.17477042,4.2,1.17,1.1,$521.92
X,C,VAM TOP®,Xylan Coating,178,50,1,$3.50,39.26990817,1.8,1.2,1.01,$84.26
Z,B,JFE Lion,Ni Plating,28,118,39,$2.80,140961.6916,4.2,1.15,1.05,"$562,473.26"
Z,C,JFE Lion,Phosphating,141,8,3,$3.50,56.54866776,4.2,1.15,1,$268.62
Y,A,JFE Lion,Phosphating,200,89,5,$12.00,1747.510914,2.5,1.15,1,"$16,941.24"
X,D,VAM TOP®,Xylan Coating,148,1,15,$1.10,176.7145868,1.8,1.2,1.01,$119.16
X,C,VAM TOP®,Ni Plating,184,28,34,$3.50,25421.76775,1.8,1.2,1.05,"$56,705.24"
Y,A,VAM TOP®,Xylan Coating,92,80,29,$12.00,52841.58843,2.5,1.2,1.01,"$539,890.96"
X,A,TenarisHydril Blue®,Carbide Coating,141,98,30,$12.00,69272.11801,1.8,1.17,1.1,"$541,124.36"
Y,B,TenarisHydril Blue®,Cu Plating,41,44,11,$2.80,4181.459822,2.5,1.17,1.02,"$9,815.63"
Y,A,TenarisHydril Blue®,Ni Plating,135,35,27,$12.00,20039.43414,2.5,1.17,1.05,"$207,533.49"
X,B,JFE Lion,Xylan Coating,163,40,26,$2.80,21237.16634,1.8,1.15,1.01,"$34,934.35"
Y,D,JFE Lion,Phosphating,118,37,39,$1.10,44199.85244,2.5,1.15,1,"$39,278.75"
Y,B,TenarisHydril Blue®,Carbide Coating,76,58,30,$2.80,40997.78413,2.5,1.17,1.1,"$103,787.08"
X,B,VAM TOP®,Cu Plating,70,128,21,$2.80,44334.15553,1.8,1.2,1.02,"$76,852.27"
X,B,VAM TOP®,Xylan Coating,193,83,38,$2.80,94131.54068,1.8,1.2,1.01,"$161,575.18"
Y,C,TenarisHydril Blue®,Carbide Coating,175,82,32,$3.50,65948.31298,2.5,1.17,1.1,"$208,687.58"
Z,C,VAM TOP®,Carbide Coating,19,94,15,$3.50,16611.17116,4.2,1.2,1.1,"$90,572.81"
Y,A,JFE Lion,Cu Plating,76,12,36,$12.00,12214.51224,2.5,1.15,1.02,"$120,781.86"
Z,A,VAM TOP®,Phosphating,181,99,17,$12.00,22471.02685,4.2,1.2,1,"$381,892.40"
Y,D,TenarisHydril Blue®,Ni Plating,57,66,28,$1.10,40639.64257,2.5,1.17,1.05,"$38,580.16"
Z,C,JFE Lion,Cu Plating,18,1,29,$3.50,660.5198554,4.2,1.15,1.02,"$3,200.42"
X,D,JFE Lion,Carbide Coating,86,47,5,$1.10,922.842842,1.8,1.15,1.1,$649.52
X,B,JFE Lion,Phosphating,3,2,4,$2.80,25.13274123,1.8,1.15,1,$40.93
Y,D,VAM TOP®,Carbide Coating,37,123,22,$1.10,46756.32346,2.5,1.2,1.1,"$47,692.85"
Z,A,TenarisHydril Blue®,Ni Plating,148,11,39,$12.00,13140.49667,4.2,1.17,1.05,"$228,625.04"
Y,D,JFE Lion,Cu Plating,14,97,25,$1.10,47614.76366,2.5,1.15,1.02,"$43,159.72"
X,A,JFE Lion,Ni Plating,97,114,19,$12.00,32322.27602,1.8,1.15,1.05,"$236,891.32"
X,A,JFE Lion,Carbide Coating,5,90,28,$12.00,55417.69441,1.8,1.15,1.1,"$425,499.50"
Z,A,VAM TOP®,Phosphating,188,114,3,$12.00,805.8185156,4.2,1.2,1,"$13,694.79"
Z,A,JFE Lion,Carbide Coating,152,110,18,$12.00,27991.59054,4.2,1.15,1.1,"$501,481.55"
Y,B,TenarisHydril Blue®,Xylan Coating,31,30,8,$2.80,1507.964474,2.5,1.17,1.01,"$3,505.12"
Y,A,JFE Lion,Phosphating,62,36,39,$12.00,43005.26183,2.5,1.15,1,"$416,914.51"
X,C,TenarisHydril Blue®,Cu Plating,142,61,17,$3.50,13845.78422,1.8,1.17,1.02,"$29,251.66"
Y,A,TenarisHydril Blue®,Cu Plating,190,36,33,$12.00,30790.7496,2.5,1.17,1.02,"$309,766.09"
Y,D,JFE Lion,Ni Plating,35,140,27,$1.10,80157.73656,2.5,1.15,1.05,"$74,794.83"
Y,C,VAM TOP®,Phosphating,163,85,36,$3.50,86519.46168,2.5,1.2,1,"$255,275.67"
Y,A,TenarisHydril Blue®,Carbide Coating,76,68,5,$12.00,1335.176878,2.5,1.17,1.1,"$14,485.88"
Z,C,JFE Lion,Ni Plating,90,98,16,$3.50,19704.06912,4.2,1.15,1.05,"$98,280.35"
X,B,VAM TOP®,Ni Plating,185,77,11,$2.80,7317.554688,1.8,1.2,1.05,"$13,057.90"
Y,C,TenarisHydril Blue®,Carbide Coating,127,27,1,$3.50,21.20575041,2.5,1.17,1.1,$67.10
Y,B,TenarisHydril Blue®,Cu Plating,179,131,25,$2.80,64304.47463,2.5,1.17,1.02,"$150,949.47"
Y,B,TenarisHydril Blue®,Cu Plating,87,75,19,$2.80,21264.65527,2.5,1.17,1.02,"$49,917.03"
Y,D,TenarisHydril Blue®,Xylan Coating,23,120,37,$1.10,129025.2103,2.5,1.17,1.01,"$117,820.49"
Y,C,TenarisHydril Blue®,Carbide Coating,49,92,14,$3.50,14162.29968,2.5,1.17,1.1,"$44,815.34"
X,D,TenarisHydril Blue®,Cu Plating,129,127,3,$1.10,897.7101008,1.8,1.17,1.02,$596.07
Z,D,JFE Lion,Xylan Coating,187,45,38,$1.10,51035.17266,4.2,1.15,1.01,"$76,955.05"
Y,C,JFE Lion,Phosphating,113,135,3,$3.50,954.2587685,2.5,1.15,1,"$2,698.23"
Y,D,VAM TOP®,Xylan Coating,129,137,30,$1.10,96839.59355,2.5,1.2,1.01,"$90,697.35"
X,B,TenarisHydril Blue®,Cu Plating,82,38,39,$2.80,45394.44305,1.8,1.17,1.02,"$76,723.00"
Y,A,VAM TOP®,Phosphating,200,62,26,$12.00,32917.60782,2.5,1.2,1,"$332,994.52"
X,D,VAM TOP®,Phosphating,3,58,16,$1.10,11661.59193,1.8,1.2,1,"$7,785.93"
X,D,TenarisHydril Blue®,Ni Plating,61,41,21,$1.10,14200.78419,1.8,1.17,1.05,"$9,706.42"
X,B,VAM TOP®,Cu Plating,73,109,20,$2.80,34243.35992,1.8,1.2,1.02,"$59,360.10"
Y,A,JFE Lion,Cu Plating,26,9,31,$12.00,6792.908715,2.5,1.15,1.02,"$67,170.93"
Y,C,JFE Lion,Cu Plating,173,51,10,$3.50,4005.530633,2.5,1.15,1.02,"$11,552.41"
Z,B,VAM TOP®,Cu Plating,105,67,31,$2.80,50569.43155,4.2,1.2,1.02,"$204,542.30"
Z,A,JFE Lion,Carbide Coating,7,29,17,$12.00,6582.422007,4.2,1.15,1.1,"$117,926.96"
Z,D,VAM TOP®,Ni Plating,33,11,30,$1.10,7775.441818,4.2,1.2,1.05,"$12,718.73"
X,B,JFE Lion,Carbide Coating,149,72,13,$2.80,9556.724852,1.8,1.15,1.1,"$17,121.29"
Y,C,VAM TOP®,Cu Plating,152,122,8,$3.50,6132.38886,2.5,1.2,1.02,"$18,455.49"
Y,D,TenarisHydril Blue®,Cu Plating,177,79,9,$1.10,5025.762848,2.5,1.17,1.02,"$4,634.76"
Z,A,VAM TOP®,Cu Plating,15,31,22,$12.00,11784.11404,4.2,1.2,1.02,"$204,275.00"
Z,B,JFE Lion,Xylan Coating,25,19,31,$2.80,14340.58507,4.2,1.15,1.01,"$55,042.70"
Z,D,VAM TOP®,Cu Plating,22,7,39,$1.10,8362.134246,4.2,1.2,1.02,"$13,287.61"
Y,C,VAM TOP®,Carbide Coating,134,8,21,$3.50,2770.88472,2.5,1.2,1.1,"$8,993.04"
X,B,VAM TOP®,Cu Plating,184,21,11,$2.80,1995.696733,1.8,1.2,1.02,"$3,459.50"
Y,C,TenarisHydril Blue®,Cu Plating,158,126,30,$3.50,89064.15173,2.5,1.17,1.02,"$261,338.47"
Z,A,VAM TOP®,Carbide Coating,72,92,27,$12.00,52675.08402,4.2,1.2,1.1,"$984,727.41"
Y,C,TenarisHydril Blue®,Cu Plating,35,59,23,$3.50,24513.06208,2.5,1.17,1.02,"$71,928.00"
Y,A,TenarisHydril Blue®,Carbide Coating,102,14,19,$12.00,3969.402318,2.5,1.17,1.1,"$43,065.67"
Z,B,JFE Lion,Xylan Coating,135,78,35,$2.80,75044.79451,4.2,1.15,1.01,"$288,040.42"
Z,B,VAM TOP®,Cu Plating,147,20,8,$2.80,1005.309649,4.2,1.2,1.02,"$4,066.26"
Z,B,VAM TOP®,Cu Plating,178,107,37,$2.80,115047.4792,4.2,1.2,1.02,"$465,341.91"
Z,D,JFE Lion,Carbide Coating,30,131,4,$1.10,1646.19455,4.2,1.15,1.1,"$2,703.46"
Y,C,JFE Lion,Ni Plating,193,128,31,$3.50,96610.25728,2.5,1.15,1.05,"$286,830.12"
X,A,TenarisHydril Blue®,Ni Plating,106,139,7,$12.00,5349.346891,1.8,1.17,1.05,"$39,887.42"
Z,A,VAM TOP®,Xylan Coating,51,139,28,$12.00,85589.55025,4.2,1.2,1.01,"$1,469,129.98"
Y,C,TenarisHydril Blue®,Cu Plating,30,129,12,$3.50,14589.55628,2.5,1.17,1.02,"$42,809.73"
Z,C,TenarisHydril Blue®,Carbide Coating,92,2,9,$3.50,127.2345025,4.2,1.17,1.1,$676.41
Y,B,VAM TOP®,Ni Plating,163,74,5,$2.80,1452.986602,2.5,1.2,1.05,"$3,601.11"
Y,B,VAM TOP®,Phosphating,120,98,36,$2.80,99751.84994,2.5,1.2,1,"$235,454.27"
Z,A,JFE Lion,Phosphating,182,24,34,$12.00,21790.08665,4.2,1.15,1,"$354,889.91"
X,C,VAM TOP®,Xylan Coating,26,113,15,$3.50,19968.7483,1.8,1.2,1.01,"$42,845.02"
Z,B,TenarisHydril Blue®,Ni Plating,101,76,9,$2.80,4834.911094,4.2,1.17,1.05,"$19,628.06"
X,A,TenarisHydril Blue®,Ni Plating,99,28,11,$12.00,2660.928978,1.8,1.17,1.05,"$19,841.23"
X,D,TenarisHydril Blue®,Xylan Coating,88,121,9,$1.10,7697.687399,1.8,1.17,1.01,"$5,061.03"
Z,A,TenarisHydril Blue®,Carbide Coating,128,31,33,$12.00,26514.2566,4.2,1.17,1.1,"$483,275.59"
Z,C,JFE Lion,Phosphating,200,20,39,$3.50,23891.81213,4.2,1.15,1,"$113,493.39"
X,D,VAM TOP®,Carbide Coating,72,44,32,$1.10,35386.89965,1.8,1.2,1.1,"$25,988.90"
Y,B,TenarisHydril Blue®,Xylan Coating,112,75,21,$2.80,25977.04425,2.5,1.17,1.01,"$60,381.14"
X,D,TenarisHydril Blue®,Carbide Coating,181,135,19,$1.10,38276.37949,1.8,1.17,1.1,"$27,408.22"
Y,D,TenarisHydril Blue®,Ni Plating,181,122,35,$1.10,117377.7555,2.5,1.17,1.05,"$111,429.45"
Y,C,VAM TOP®,Cu Plating,63,57,15,$3.50,10072.73145,2.5,1.2,1.02,"$30,313.99"
X,D,JFE Lion,Carbide Coating,31,38,8,$1.10,1910.088333,1.8,1.15,1.1,"$1,344.36"
Z,A,TenarisHydril Blue®,Carbide Coating,46,126,39,$12.00,150518.4164,4.2,1.17,1.1,"$2,743,500.50"
X,D,VAM TOP®,Cu Plating,60,136,14,$1.10,20935.57344,1.8,1.2,1.02,"$14,257.32"
X,B,JFE Lion,Ni Plating,178,25,17,$2.80,5674.501731,1.8,1.15,1.05,"$9,704.02"
X,B,TenarisHydril Blue®,Cu Plating,27,103,13,$2.80,13671.42583,1.8,1.17,1.02,"$23,106.63"
X,B,JFE Lion,Cu Plating,110,95,37,$2.80,102144.9581,1.8,1.15,1.02,"$169,688.26"
Y,D,TenarisHydril Blue®,Ni Plating,53,107,16,$1.10,21513.62649,2.5,1.17,1.05,"$20,423.39"
X,C,TenarisHydril Blue®,Xylan Coating,2,79,25,$3.50,38779.03432,1.8,1.17,1.01,"$81,124.32"
Z,B,VAM TOP®,Xylan Coating,35,111,32,$2.80,89271.49684,4.2,1.2,1.01,"$357,543.66"
Y,D,TenarisHydril Blue®,Phosphating,22,75,15,$1.10,13253.59401,2.5,1.17,1,"$11,982.81"
Y,C,JFE Lion,Phosphating,126,78,25,$3.50,38288.16047,2.5,1.15,1,"$108,262.17"
Z,B,VAM TOP®,Phosphating,152,36,27,$2.80,20611.9894,4.2,1.2,1,"$81,736.27"
Z,B,TenarisHydril Blue®,Cu Plating,90,21,22,$2.80,7982.786933,4.2,1.17,1.02,"$31,481.41"
X,C,JFE Lion,Ni Plating,117,30,31,$3.50,22643.02905,1.8,1.15,1.05,"$48,402.58"
Y,A,TenarisHydril Blue®,Carbide Coating,1,19,30,$12.00,13430.30859,2.5,1.17,1.1,"$145,710.92"
Z,D,VAM TOP®,Cu Plating,170,39,4,$1.10,490.088454,4.2,1.2,1.02,$778.76
Z,A,TenarisHydril Blue®,Ni Plating,33,137,15,$12.00,24209.89839,4.2,1.17,1.05,"$421,216.12"
X,D,TenarisHydril Blue®,Carbide Coating,22,42,36,$1.10,42750.79283,1.8,1.17,1.1,"$30,612.18"
X,D,TenarisHydril Blue®,Carbide Coating,102,134,30,$1.10,94719.01851,1.8,1.17,1.1,"$67,824.60"
Z,D,VAM TOP®,Phosphating,82,34,9,$1.10,2162.986542,4.2,1.2,1,"$3,369.64"
X,C,JFE Lion,Xylan Coating,170,91,1,$3.50,71.47123287,1.8,1.15,1.01,$146.96
Z,D,JFE Lion,Carbide Coating,146,40,37,$1.10,43008.40343,4.2,1.15,1.1,"$70,630.48"
X,B,TenarisHydril Blue®,Xylan Coating,176,42,30,$2.80,29688.05058,1.8,1.17,1.01,"$49,685.05"
Y,A,JFE Lion,Ni Plating,120,117,3,$12.00,827.0242661,2.5,1.15,1.05,"$8,418.47"
X,A,TenarisHydril Blue®,Cu Plating,22,100,7,$12.00,3848.451001,1.8,1.17,1.02,"$27,876.10"
Z,C,TenarisHydril Blue®,Xylan Coating,178,21,7,$3.50,808.1747101,4.2,1.17,1.01,"$3,944.90"
X,B,TenarisHydril Blue®,Xylan Coating,190,34,36,$2.80,34607.78467,1.8,1.17,1.01,"$57,918.58"
Y,B,JFE Lion,Carbide Coating,175,59,36,$2.80,60054.68517,2.5,1.15,1.1,"$149,431.37"
X,D,JFE Lion,Carbide Coating,117,18,13,$1.10,2389.181213,1.8,1.15,1.1,"$1,681.56"
Y,C,JFE Lion,Ni Plating,55,32,22,$3.50,12164.24675,2.5,1.15,1.05,"$36,114.93"
Y,B,TenarisHydril Blue®,Xylan Coating,175,10,4,$2.80,125.6637061,2.5,1.17,1.01,$292.09
Y,B,JFE Lion,Cu Plating,27,94,39,$2.80,112291.517,2.5,1.15,1.02,"$259,089.21"
X,B,TenarisHydril Blue®,Xylan Coating,173,42,37,$2.80,45158.8236,1.8,1.17,1.01,"$75,576.49"
Z,B,JFE Lion,Xylan Coating,160,102,15,$2.80,18024.88785,4.2,1.15,1.01,"$69,183.96"
X,D,TenarisHydril Blue®,Phosphating,158,133,34,$1.10,120753.3968,1.8,1.17,1,"$78,606.19"
Y,C,JFE Lion,Carbide Coating,185,51,39,$3.50,60924.12093,2.5,1.15,1.1,"$189,493.44"
X,D,VAM TOP®,Ni Plating,26,100,29,$1.10,66051.98554,1.8,1.2,1.05,"$46,305.00"
Z,C,VAM TOP®,Carbide Coating,2,63,36,$3.50,64126.18925,4.2,1.2,1.1,"$349,649.59"
Z,B,VAM TOP®,Xylan Coating,17,129,11,$2.80,12259.27993,4.2,1.2,1.01,"$49,099.97"
X,D,VAM TOP®,Ni Plating,161,112,16,$1.10,22518.93614,1.8,1.2,1.05,"$15,786.65"
Z,B,VAM TOP®,Cu Plating,40,48,35,$2.80,46181.41201,4.2,1.2,1.02,"$186,793.72"
Z,D,JFE Lion,Cu Plating,4,81,5,$1.10,1590.431281,4.2,1.15,1.02,"$2,421.93"
X,D,VAM TOP®,Ni Plating,186,140,1,$1.10,109.9557429,1.8,1.2,1.05,$77.08
X,D,VAM TOP®,Phosphating,93,49,20,$1.10,15393.804,1.8,1.2,1,"$10,277.77"
Y,B,VAM TOP®,Cu Plating,23,104,30,$2.80,73513.26809,2.5,1.2,1.02,"$176,991.13"
Z,C,JFE Lion,Phosphating,48,137,23,$3.50,56920.1611,4.2,1.15,1,"$270,388.13"
Z,A,JFE Lion,Ni Plating,7,20,16,$12.00,4021.238597,4.2,1.15,1.05,"$68,767.60"
X,D,TenarisHydril Blue®,Phosphating,140,28,40,$1.10,35185.83772,1.8,1.17,1,"$22,904.73"
Y,D,TenarisHydril Blue®,Phosphating,199,69,9,$1.10,4389.590335,2.5,1.17,1,"$3,968.71"
Y,C,VAM TOP®,Cu Plating,122,105,25,$3.50,51541.75447,2.5,1.2,1.02,"$155,115.43"
Z,D,VAM TOP®,Ni Plating,62,137,4,$1.10,1721.592774,4.2,1.2,1.05,"$2,816.11"
Z,C,JFE Lion,Ni Plating,88,62,32,$3.50,49863.3586,4.2,1.15,1.05,"$248,709.47"
X,D,TenarisHydril Blue®,Carbide Coating,112,10,28,$1.10,6157.521601,1.8,1.17,1.1,"$4,409.16"
Y,C,VAM TOP®,Carbide Coating,115,23,1,$3.50,18.06415776,2.5,1.2,1.1,$58.63
Y,B,VAM TOP®,Ni Plating,102,110,4,$2.80,1382.300768,2.5,1.2,1.05,"$3,425.92"
Z,C,JFE Lion,Phosphating,3,23,31,$3.50,17359.65561,4.2,1.15,1,"$82,463.66"
Y,C,VAM TOP®,Xylan Coating,106,115,25,$3.50,56450.49299,2.5,1.2,1.01,"$168,222.75"
Z,C,JFE Lion,Phosphating,59,131,5,$3.50,2572.178985,4.2,1.15,1,"$12,218.63"
Z,A,JFE Lion,Cu Plating,110,122,39,$12.00,145740.054,4.2,1.15,1.02,"$2,421,105.95"
Z,C,VAM TOP®,Cu Plating,115,70,8,$3.50,3518.583772,4.2,1.2,1.02,"$17,789.88"
Z,D,JFE Lion,Phosphating,104,20,23,$1.10,8309.512569,4.2,1.15,1,"$12,405.71"
Y,A,JFE Lion,Phosphating,95,116,13,$12.00,15396.9456,2.5,1.15,1,"$149,265.69"
Z,B,TenarisHydril Blue®,Xylan Coating,169,106,17,$2.80,24059.88734,4.2,1.17,1.01,"$93,953.83"
Y,C,VAM TOP®,Cu Plating,18,12,32,$3.50,9650.972632,2.5,1.2,1.02,"$29,044.70"
Y,D,TenarisHydril Blue®,Carbide Coating,28,69,37,$1.10,74189.49591,2.5,1.17,1.1,"$73,783.62"
Z,B,TenarisHydril Blue®,Carbide Coating,19,82,18,$2.80,20866.45841,4.2,1.17,1.1,"$88,744.39"
X,C,VAM TOP®,Cu Plating,105,85,22,$3.50,32311.28044,1.8,1.2,1.02,"$70,013.61"
Y,D,VAM TOP®,Phosphating,132,94,32,$1.10,75599.28562,2.5,1.2,1,"$70,103.22"
X,D,JFE Lion,Phosphating,106,133,8,$1.10,6685.309167,1.8,1.15,1,"$4,277.51"
X,B,VAM TOP®,Carbide Coating,161,70,4,$2.80,879.645943,1.8,1.2,1.1,"$1,644.44"
X,C,JFE Lion,Carbide Coating,36,62,2,$3.50,194.7787445,1.8,1.15,1.1,$436.19
Y,B,JFE Lion,Ni Plating,186,43,22,$2.80,16345.70658,2.5,1.15,1.05,"$38,823.55"
X,C,TenarisHydril Blue®,Carbide Coating,104,100,23,$3.50,41547.56284,1.8,1.17,1.1,"$94,660.97"
X,B,VAM TOP®,Phosphating,28,91,39,$2.80,108707.7452,1.8,1.2,1,"$184,747.51"
Y,D,VAM TOP®,Ni Plating,85,134,20,$1.10,42097.34156,2.5,1.2,1.05,"$40,988.71"
X,C,JFE Lion,Phosphating,57,136,13,$3.50,18051.59139,1.8,1.15,1,"$36,750.24"
Y,C,TenarisHydril Blue®,Xylan Coating,59,131,17,$3.50,29734.38907,2.5,1.17,1.01,"$86,393.41"
Z,B,JFE Lion,Ni Plating,164,64,16,$2.80,12867.96351,4.2,1.15,1.05,"$51,346.47"
Z,C,VAM TOP®,Ni Plating,51,91,19,$3.50,25801.11507,4.2,1.2,1.05,"$134,286.60"
Y,C,VAM TOP®,Cu Plating,32,112,21,$3.50,38792.38609,2.5,1.2,1.02,"$116,746.07"
X,B,JFE Lion,Phosphating,104,59,18,$2.80,15013.67129,1.8,1.15,1,"$24,452.41"
Z,D,VAM TOP®,Xylan Coating,57,136,37,$1.10,146228.5717,4.2,1.2,1.01,"$230,082.27"
X,A,JFE Lion,Cu Plating,4,104,35,$12.00,100059.726,1.8,1.15,1.02,"$712,389.31"
X,A,TenarisHydril Blue®,Xylan Coating,25,25,19,$12.00,7088.218425,1.8,1.17,1.01,"$50,839.87"
Z,C,VAM TOP®,Cu Plating,105,32,38,$3.50,36291.67833,4.2,1.2,1.02,"$183,489.88"
X,A,JFE Lion,Xylan Coating,70,107,30,$12.00,75633.84314,1.8,1.15,1.01,"$533,206.52"
Z,A,TenarisHydril Blue®,Carbide Coating,120,111,34,$12.00,100779.1507,4.2,1.17,1.1,"$1,836,902.47"
Y,A,VAM TOP®,Xylan Coating,159,134,14,$12.00,20627.69736,2.5,1.2,1.01,"$210,756.48"
Z,B,VAM TOP®,Cu Plating,64,4,21,$2.80,1385.44236,4.2,1.2,1.02,"$5,603.81"
Y,D,VAM TOP®,Ni Plating,65,68,6,$1.10,1922.654704,2.5,1.2,1.05,"$1,872.02"
X,C,JFE Lion,Phosphating,20,44,12,$3.50,4976.282763,1.8,1.15,1,"$10,130.94"
Z,A,TenarisHydril Blue®,Cu Plating,63,17,4,$12.00,213.6283004,4.2,1.17,1.02,"$3,610.62"
Z,C,TenarisHydril Blue®,Carbide Coating,196,133,34,$3.50,120753.3968,4.2,1.17,1.1,"$641,950.52"
Y,B,TenarisHydril Blue®,Cu Plating,21,60,25,$2.80,29452.43113,2.5,1.17,1.02,"$69,137.16"
Z,D,JFE Lion,Ni Plating,71,78,26,$1.10,41412.47436,4.2,1.15,1.05,"$64,918.22"
X,D,JFE Lion,Ni Plating,65,109,6,$1.10,3081.902393,1.8,1.15,1.05,"$2,070.51"
X,B,VAM TOP®,Ni Plating,24,34,8,$2.80,1709.026404,1.8,1.2,1.05,"$3,049.69"
Z,D,JFE Lion,Ni Plating,195,85,33,$1.10,72700.38099,4.2,1.15,1.05,"$113,965.16"
X,B,VAM TOP®,Cu Plating,83,108,13,$2.80,14335.08728,1.8,1.2,1.02,"$24,849.55"
Y,A,JFE Lion,Phosphating,83,124,34,$12.00,112582.1143,2.5,1.15,1,"$1,091,427.31"
Z,A,TenarisHydril Blue®,Xylan Coating,193,61,1,$12.00,47.90928797,4.2,1.17,1.01,$801.80
Z,B,TenarisHydril Blue®,Carbide Coating,78,70,13,$2.80,9291.260273,4.2,1.17,1.1,"$39,515.44"
X,D,JFE Lion,Ni Plating,187,73,18,$1.10,18576.23736,1.8,1.15,1.05,"$12,480.05"
Z,D,JFE Lion,Cu Plating,168,15,24,$1.10,6785.840132,4.2,1.15,1.02,"$10,333.56"
Z,D,JFE Lion,Cu Plating,175,105,37,$1.10,112897.059,4.2,1.15,1.02,"$171,921.00"
X,C,VAM TOP®,Ni Plating,185,85,23,$3.50,35315.42842,1.8,1.2,1.05,"$78,773.82"
X,D,VAM TOP®,Phosphating,116,60,35,$1.10,57726.76501,1.8,1.2,1,"$38,541.62"
Z,D,VAM TOP®,Xylan Coating,200,110,29,$1.10,72657.1841,4.2,1.2,1.01,"$114,321.91"
Z,B,JFE Lion,Phosphating,190,78,9,$2.80,4962.145596,4.2,1.15,1,"$18,857.36"
X,A,TenarisHydril Blue®,Phosphating,129,97,33,$12.00,82963.96419,1.8,1.17,1,"$589,162.95"
Z,B,TenarisHydril Blue®,Phosphating,65,68,11,$2.80,6462.256088,4.2,1.17,1,"$24,985.25"
X,C,VAM TOP®,Cu Plating,73,111,26,$3.50,58933.13659,1.8,1.2,1.02,"$127,699.10"
X,B,TenarisHydril Blue®,Cu Plating,148,37,15,$2.80,6538.43971,1.8,1.17,1.02,"$11,050.88"
Z,B,JFE Lion,Cu Plating,110,114,30,$2.80,80581.85156,4.2,1.15,1.02,"$312,355.31"
Y,D,JFE Lion,Carbide Coating,136,66,39,$1.10,78842.98003,2.5,1.15,1.1,"$77,071.28"
Z,A,VAM TOP®,Ni Plating,1,4,22,$12.00,1520.530844,4.2,1.2,1.05,"$27,133.30"
Z,D,JFE Lion,Xylan Coating,11,82,37,$1.10,88167.22703,4.2,1.15,1.01,"$132,945.82"
Y,D,VAM TOP®,Cu Plating,111,103,36,$1.10,104841.23,2.5,1.2,1.02,"$99,163.66"
Z,D,VAM TOP®,Cu Plating,160,56,26,$1.10,29732.03287,4.2,1.2,1.02,"$47,244.83"
X,B,VAM TOP®,Cu Plating,105,126,19,$2.80,35724.62086,1.8,1.2,1.02,"$61,927.84"
Y,A,VAM TOP®,Xylan Coating,22,49,29,$12.00,32365.47292,2.5,1.2,1.01,"$330,683.22"
X,C,VAM TOP®,Cu Plating,35,130,25,$3.50,63813.60078,1.8,1.2,1.02,"$138,274.32"
Y,C,JFE Lion,Carbide Coating,124,105,12,$3.50,11875.22023,2.5,1.15,1.1,"$36,935.72"
X,B,JFE Lion,Xylan Coating,32,45,23,$2.80,18696.40328,1.8,1.15,1.01,"$30,754.89"
Y,D,TenarisHydril Blue®,Cu Plating,95,22,36,$1.10,22393.27243,2.5,1.17,1.02,"$20,651.07"
Y,C,TenarisHydril Blue®,Phosphating,145,100,4,$3.50,1256.637061,2.5,1.17,1,"$3,615.01"
X,C,TenarisHydril Blue®,Xylan Coating,37,32,1,$3.50,25.13274123,1.8,1.17,1.01,$52.58
Z,B,TenarisHydril Blue®,Carbide Coating,42,53,24,$2.80,23976.63513,4.2,1.17,1.1,"$101,971.88"
X,B,VAM TOP®,Ni Plating,103,116,6,$2.80,3279.82273,1.8,1.2,1.05,"$5,852.72"
X,C,JFE Lion,Phosphating,186,113,35,$3.50,108718.7408,1.8,1.15,1,"$221,334.50"
Z,D,TenarisHydril Blue®,Ni Plating,91,39,1,$1.10,30.63052837,4.2,1.17,1.05,$48.85
X,B,VAM TOP®,Carbide Coating,59,138,29,$2.80,91151.74005,1.8,1.2,1.1,"$170,402.42"
Y,C,JFE Lion,Carbide Coating,43,59,31,$3.50,44531.29047,2.5,1.15,1.1,"$138,506.51"
X,D,TenarisHydril Blue®,Phosphating,16,1,33,$1.10,855.2985999,1.8,1.17,1,$556.77
X,B,JFE Lion,Cu Plating,27,14,2,$2.80,43.98229715,1.8,1.15,1.02,$73.07
Z,A,VAM TOP®,Cu Plating,197,107,19,$12.00,30337.57486,4.2,1.2,1.02,"$525,895.11"
X,C,TenarisHydril Blue®,Phosphating,160,118,5,$3.50,2316.924582,1.8,1.17,1,"$4,798.93"
Z,A,VAM TOP®,Ni Plating,119,64,32,$12.00,51471.85404,4.2,1.2,1.05,"$918,495.88"
X,C,JFE Lion,Cu Plating,38,110,8,$3.50,5529.20307,1.8,1.15,1.02,"$11,481.73"
Z,D,TenarisHydril Blue®,Ni Plating,67,34,26,$1.10,18051.59139,4.2,1.17,1.05,"$28,789.82"
X,A,TenarisHydril Blue®,Phosphating,120,44,37,$12.00,47309.24377,1.8,1.17,1,"$335,963.38"
Z,A,VAM TOP®,Cu Plating,107,78,36,$12.00,79394.32954,4.2,1.2,1.02,"$1,376,283.05"
X,C,TenarisHydril Blue®,Xylan Coating,184,79,21,$3.50,27362.48661,1.8,1.17,1.01,"$57,241.32"
Y,A,JFE Lion,Cu Plating,44,119,36,$12.00,121127.2464,2.5,1.15,1.02,"$1,197,753.45"
X,C,JFE Lion,Phosphating,50,113,34,$3.50,102594.9913,1.8,1.15,1,"$208,867.50"
Y,C,TenarisHydril Blue®,Ni Plating,3,24,37,$3.50,25805.04206,2.5,1.17,1.05,"$77,946.05"
Y,D,VAM TOP®,Cu Plating,167,52,20,$1.10,16336.2818,2.5,1.2,1.02,"$15,451.61"
Z,C,VAM TOP®,Cu Plating,37,110,22,$3.50,41814.59822,4.2,1.2,1.02,"$211,413.64"
Y,A,VAM TOP®,Xylan Coating,102,77,33,$12.00,65857.9922,2.5,1.2,1.01,"$672,881.64"
Z,D,JFE Lion,Cu Plating,124,96,17,$1.10,21790.08665,4.2,1.15,1.02,"$33,182.21"
Y,D,TenarisHydril Blue®,Cu Plating,143,126,11,$1.10,11974.1804,2.5,1.17,1.02,"$11,042.59"
X,D,JFE Lion,Carbide Coating,61,61,6,$1.10,1724.734367,1.8,1.15,1.1,"$1,213.90"
Z,D,VAM TOP®,Cu Plating,123,114,4,$1.10,1432.56625,4.2,1.2,1.02,"$2,276.38"
X,A,VAM TOP®,Ni Plating,185,1,28,$12.00,615.7521601,1.8,1.2,1.05,"$4,709.09"
Y,A,JFE Lion,Phosphating,138,36,8,$12.00,1809.557368,2.5,1.15,1,"$17,542.75"
X,B,JFE Lion,Xylan Coating,182,107,34,$2.80,97147.46963,1.8,1.15,1.01,"$159,803.97"
Z,A,TenarisHydril Blue®,Cu Plating,55,133,9,$12.00,8461.094414,4.2,1.17,1.02,"$143,004.41"
X,A,VAM TOP®,Ni Plating,3,79,20,$12.00,24818.58196,1.8,1.2,1.05,"$189,804.97"
X,A,VAM TOP®,Cu Plating,90,89,25,$12.00,43687.77284,1.8,1.2,1.02,"$324,564.78"
Z,C,TenarisHydril Blue®,Ni Plating,95,66,28,$3.50,40639.64257,4.2,1.17,1.05,"$206,228.51"
Y,D,VAM TOP®,Phosphating,50,42,10,$1.10,3298.672286,2.5,1.2,1,"$3,058.86"
Y,D,VAM TOP®,Xylan Coating,55,138,10,$1.10,10838.49465,2.5,1.2,1.01,"$10,151.04"
X,B,VAM TOP®,Carbide Coating,24,3,27,$2.80,1717.665783,1.8,1.2,1.1,"$3,211.07"
Z,D,JFE Lion,Cu Plating,169,116,31,$1.10,87553.04566,4.2,1.15,1.02,"$133,326.83"
Z,B,TenarisHydril Blue®,Cu Plating,127,125,10,$2.80,9817.477042,4.2,1.17,1.02,"$38,716.81"
Z,B,JFE Lion,Carbide Coating,55,17,18,$2.80,4325.973084,4.2,1.15,1.1,"$18,083.73"
Y,A,VAM TOP®,Xylan Coating,135,123,14,$12.00,18934.37892,2.5,1.2,1.01,"$193,455.58"
Z,C,JFE Lion,Xylan Coating,191,51,22,$3.50,19386.76827,4.2,1.15,1.01,"$93,013.99"
X,A,VAM TOP®,Cu Plating,157,133,35,$12.00,127960.9958,1.8,1.2,1.02,"$950,646.60"
X,B,TenarisHydril Blue®,Phosphating,85,118,28,$2.80,72658.75489,1.8,1.17,1,"$120,395.61"
Z,D,JFE Lion,Xylan Coating,74,121,27,$1.10,69279.1866,4.2,1.15,1.01,"$104,464.88"
X,C,TenarisHydril Blue®,Cu Plating,122,116,15,$3.50,20498.89206,1.8,1.17,1.02,"$43,307.52"
Y,C,VAM TOP®,Xylan Coating,58,37,6,$3.50,1046.150354,2.5,1.2,1.01,"$3,117.53"
Y,B,VAM TOP®,Carbide Coating,30,5,17,$2.80,1134.900346,2.5,1.2,1.1,"$2,946.70"
Z,C,JFE Lion,Ni Plating,189,4,37,$3.50,4300.840343,4.2,1.15,1.05,"$21,451.82"
Y,D,TenarisHydril Blue®,Xylan Coating,117,22,14,$1.10,3386.636881,2.5,1.17,1.01,"$3,092.54"
Z,B,JFE Lion,Cu Plating,3,21,39,$2.80,25086.40274,4.2,1.15,1.02,"$97,241.14"
X,B,TenarisHydril Blue®,Ni Plating,165,11,8,$2.80,552.920307,1.8,1.17,1.05,$962.00
Z,B,VAM TOP®,Phosphating,11,116,9,$2.80,7379.601143,4.2,1.2,1,"$29,263.60"
Y,A,VAM TOP®,Carbide Coating,19,49,4,$12.00,615.7521601,2.5,1.2,1.1,"$6,851.84"
Z,A,JFE Lion,Cu Plating,179,12,39,$12.00,14335.08728,4.2,1.15,1.02,"$238,141.57"
X,B,JFE Lion,Xylan Coating,59,140,21,$2.80,48490.48261,1.8,1.15,1.01,"$79,765.04"
Z,D,TenarisHydril Blue®,Cu Plating,148,140,27,$1.10,80157.73656,4.2,1.17,1.02,"$124,188.04"
Z,B,JFE Lion,Ni Plating,12,123,34,$2.80,111674.1941,4.2,1.15,1.05,"$445,608.65"
Y,B,VAM TOP®,Xylan Coating,192,81,3,$2.80,572.5552611,2.5,1.2,1.01,"$1,364.97"
Z,C,VAM TOP®,Phosphating,188,98,40,$3.50,123150.432,4.2,1.2,1,"$610,436.99"
Y,D,TenarisHydril Blue®,Ni Plating,100,4,4,$1.10,50.26548246,2.5,1.17,1.05,$47.72
Z,D,JFE Lion,Ni Plating,180,18,17,$1.10,4085.641246,4.2,1.15,1.05,"$6,404.65"
Y,C,VAM TOP®,Ni Plating,99,98,29,$3.50,64730.94583,2.5,1.2,1.05,"$200,538.09"
Y,C,JFE Lion,Cu Plating,48,64,3,$3.50,452.3893421,2.5,1.15,1.02,"$1,304.74"
X,C,JFE Lion,Phosphating,195,5,7,$3.50,192.42255,1.8,1.15,1,$391.74
Y,B,TenarisHydril Blue®,Ni Plating,97,41,39,$2.80,48978.21487,2.5,1.17,1.05,"$118,353.87"
Z,A,VAM TOP®,Phosphating,67,89,40,$12.00,111840.6985,4.2,1.2,1,"$1,900,719.25"
X,A,JFE Lion,Carbide Coating,128,135,37,$12.00,145153.3616,1.8,1.15,1.1,"$1,114,493.90"
Y,B,VAM TOP®,Cu Plating,3,31,38,$2.80,35157.56339,2.5,1.2,1.02,"$84,645.63"
Y,A,VAM TOP®,Xylan Coating,178,14,3,$12.00,98.96016859,2.5,1.2,1.01,"$1,011.09"
Z,C,TenarisHydril Blue®,Cu Plating,159,30,36,$3.50,30536.28059,4.2,1.17,1.02,"$150,530.96"
Z,A,JFE Lion,Xylan Coating,198,74,10,$12.00,5811.946409,4.2,1.15,1.01,"$95,604.35"
Y,B,TenarisHydril Blue®,Xylan Coating,93,96,37,$2.80,103220.1682,2.5,1.17,1.01,"$239,925.36"
Y,B,TenarisHydril Blue®,Cu Plating,176,109,27,$2.80,62408.52346,2.5,1.17,1.02,"$146,498.88"
Y,C,TenarisHydril Blue®,Cu Plating,144,105,38,$3.50,119082.0695,2.5,1.17,1.02,"$349,419.21"
X,A,VAM TOP®,Xylan Coating,60,111,13,$12.00,14733.28415,1.8,1.2,1.01,"$108,383.27"
X,D,TenarisHydril Blue®,Phosphating,147,45,24,$1.10,20357.5204,1.8,1.17,1,"$13,252.03"
Y,D,TenarisHydril Blue®,Carbide Coating,142,81,23,$1.10,33653.5259,2.5,1.17,1.1,"$33,469.42"
X,C,VAM TOP®,Xylan Coating,159,81,4,$3.50,1017.87602,1.8,1.2,1.01,"$2,183.96"
Z,D,TenarisHydril Blue®,Cu Plating,111,106,19,$1.10,30054.04612,4.2,1.17,1.02,"$46,562.61"
X,A,TenarisHydril Blue®,Ni Plating,7,88,38,$12.00,99802.11542,1.8,1.17,1.05,"$744,174.83"
X,C,JFE Lion,Phosphating,150,27,29,$3.50,17834.0361,1.8,1.15,1,"$36,307.33"
X,A,TenarisHydril Blue®,Carbide Coating,70,137,10,$12.00,10759.95484,1.8,1.17,1.1,"$84,052.20"
X,C,TenarisHydril Blue®,Phosphating,55,136,6,$3.50,3845.309408,1.8,1.17,1,"$7,964.60"
Y,D,JFE Lion,Ni Plating,140,111,7,$1.10,4271.780611,2.5,1.15,1.05,"$3,985.98"
Y,C,JFE Lion,Xylan Coating,97,107,12,$3.50,12101.4149,2.5,1.15,1.01,"$34,559.68"
Z,C,TenarisHydril Blue®,Carbide Coating,117,65,10,$3.50,5105.088062,4.2,1.17,1.1,"$27,139.72"
X,D,VAM TOP®,Xylan Coating,60,130,19,$1.10,36858.73581,1.8,1.2,1.01,"$24,855.05"
Z,C,TenarisHydril Blue®,Cu Plating,20,41,19,$3.50,11624.67822,4.2,1.17,1.02,"$57,304.75"
Y,A,VAM TOP®,Ni Plating,8,107,26,$12.00,56809.41995,2.5,1.2,1.05,"$603,418.30"
X,D,VAM TOP®,Cu Plating,46,34,8,$1.10,1709.026404,1.8,1.2,1.02,"$1,163.86"
Y,D,TenarisHydril Blue®,Ni Plating,110,15,35,$1.10,14431.69125,2.5,1.17,1.05,"$13,700.34"
X,B,TenarisHydril Blue®,Cu Plating,43,119,4,$2.80,1495.398103,1.8,1.17,1.02,"$2,527.43"
X,D,JFE Lion,Xylan Coating,18,105,21,$1.10,36367.86196,1.8,1.15,1.01,"$23,502.20"
X,C,VAM TOP®,Cu Plating,88,120,27,$3.50,68706.63133,1.8,1.2,1.02,"$148,876.77"
Z,D,VAM TOP®,Carbide Coating,192,17,9,$1.10,1081.493271,4.2,1.2,1.1,"$1,853.30"
X,B,VAM TOP®,Cu Plating,177,81,40,$2.80,101787.602,1.8,1.2,1.02,"$176,446.54"
Z,C,VAM TOP®,Xylan Coating,177,83,20,$3.50,26075.21902,4.2,1.2,1.01,"$130,543.20"
Y,C,JFE Lion,Ni Plating,193,15,10,$3.50,1178.097245,2.5,1.15,1.05,"$3,497.70"
X,D,TenarisHydril Blue®,Phosphating,139,135,18,$1.10,34353.31567,1.8,1.17,1,"$22,362.79"
Y,A,VAM TOP®,Carbide Coating,151,137,38,$12.00,155373.7479,2.5,1.2,1.1,"$1,728,936.92"
Z,C,JFE Lion,Carbide Coating,133,76,33,$3.50,65002.6936,4.2,1.15,1.1,"$339,660.88"
Z,A,JFE Lion,Phosphating,81,13,8,$12.00,653.4512719,4.2,1.15,1,"$10,642.60"
Y,D,VAM TOP®,Cu Plating,121,93,5,$1.10,1826.05073,2.5,1.2,1.02,"$1,727.16"
Y,D,JFE Lion,Cu Plating,119,5,40,$1.10,6283.185307,2.5,1.15,1.02,"$5,695.30"
X,A,TenarisHydril Blue®,Phosphating,14,21,23,$12.00,8724.988197,1.8,1.17,1,"$61,959.91"
Z,C,JFE Lion,Phosphating,117,21,36,$3.50,21375.39642,4.2,1.15,1,"$101,539.65"
X,B,TenarisHydril Blue®,Ni Plating,95,103,5,$2.80,2022.400271,1.8,1.17,1.05,"$3,518.67"
Z,B,TenarisHydril Blue®,Phosphating,176,37,30,$2.80,26153.75884,4.2,1.17,1,"$101,119.20"
Y,C,TenarisHydril Blue®,Phosphating,46,117,31,$3.50,88307.8133,2.5,1.17,1,"$254,038.40"
Z,C,JFE Lion,Carbide Coating,19,73,27,$3.50,41796.53406,4.2,1.15,1.1,"$218,400.91"
X,A,TenarisHydril Blue®,Ni Plating,3,109,13,$12.00,14467.81957,1.8,1.17,1.05,"$107,879.35"
Y,B,JFE Lion,Cu Plating,56,47,1,$2.80,36.91371368,2.5,1.15,1.02,$85.17
Y,B,TenarisHydril Blue®,Cu Plating,31,112,35,$2.80,107756.628,2.5,1.17,1.02,"$252,949.83"
X,A,JFE Lion,Carbide Coating,40,15,38,$12.00,17011.72422,1.8,1.15,1.1,"$130,616.77"
Z,C,TenarisHydril Blue®,Xylan Coating,131,42,23,$3.50,17449.97639,4.2,1.17,1.01,"$85,177.67"
X,B,JFE Lion,Xylan Coating,185,66,23,$2.80,27421.39148,1.8,1.15,1.01,"$45,107.17"
Y,A,TenarisHydril Blue®,Xylan Coating,132,79,3,$12.00,558.4180942,2.5,1.17,1.01,"$5,562.81"
Z,B,VAM TOP®,Xylan Coating,80,49,28,$2.80,30171.85585,4.2,1.2,1.01,"$120,842.11"
Z,D,JFE Lion,Phosphating,37,136,12,$1.10,15381.23763,4.2,1.15,1,"$22,963.46"
Y,D,JFE Lion,Xylan Coating,26,126,21,$1.10,43641.43435,2.5,1.15,1.01,"$39,170.33"
X,D,JFE Lion,Xylan Coating,121,70,34,$1.10,63554.41938,1.8,1.15,1.01,"$41,071.11"
Z,D,TenarisHydril Blue®,Xylan Coating,57,60,3,$1.10,424.1150082,4.2,1.17,1.01,$650.64
Y,B,VAM TOP®,Phosphating,191,77,31,$2.80,58117.1079,2.5,1.2,1,"$137,179.62"
Y,C,VAM TOP®,Cu Plating,104,116,33,$3.50,99214.63759,2.5,1.2,1.02,"$298,587.44"
Z,A,VAM TOP®,Carbide Coating,67,71,18,$12.00,18067.29935,4.2,1.2,1.1,"$337,756.74"
Z,A,JFE Lion,Phosphating,41,11,38,$12.00,12475.26443,4.2,1.15,1,"$203,181.64"
X,C,TenarisHydril Blue®,Ni Plating,189,61,19,$3.50,17295.25296,1.8,1.17,1.05,"$37,613.95"
Y,D,TenarisHydril Blue®,Phosphating,98,6,7,$1.10,230.90706,2.5,1.17,1,$208.77
Y,A,VAM TOP®,Ni Plating,79,123,7,$12.00,4733.594731,2.5,1.2,1.05,"$50,279.30"
X,B,TenarisHydril Blue®,Phosphating,188,139,25,$2.80,68231.46545,1.8,1.17,1,"$113,059.59"
Z,D,JFE Lion,Phosphating,27,50,11,$1.10,4751.658889,4.2,1.15,1,"$7,094.00"
Z,A,VAM TOP®,Carbide Coating,23,8,9,$12.00,508.9380099,4.2,1.2,1.1,"$9,514.27"
Y,C,TenarisHydril Blue®,Cu Plating,34,55,35,$3.50,52916.20126,2.5,1.17,1.02,"$155,270.54"
X,B,VAM TOP®,Ni Plating,90,101,21,$2.80,34982.4196,1.8,1.2,1.05,"$62,424.81"
X,B,TenarisHydril Blue®,Phosphating,177,29,33,$2.80,24803.6594,1.8,1.17,1,"$41,099.68"
Z,A,TenarisHydril Blue®,Ni Plating,159,130,15,$12.00,22972.89628,4.2,1.17,1.05,"$399,694.13"
Z,B,VAM TOP®,Xylan Coating,188,81,20,$2.80,25446.90049,4.2,1.2,1.01,"$101,918.06"
Z,A,JFE Lion,Cu Plating,78,136,8,$12.00,6836.105614,4.2,1.15,1.02,"$113,564.77"
X,C,VAM TOP®,Cu Plating,127,106,20,$3.50,33300.88213,1.8,1.2,1.02,"$72,157.92"
Z,B,VAM TOP®,Carbide Coating,10,7,39,$2.80,8362.134246,4.2,1.2,1.1,"$36,475.79"
Z,C,VAM TOP®,Carbide Coating,185,42,2,$3.50,131.9468915,4.2,1.2,1.1,$719.44
Z,B,VAM TOP®,Phosphating,23,100,31,$2.80,75476.7635,4.2,1.2,1,"$299,300.99"
Z,D,TenarisHydril Blue®,Carbide Coating,21,87,11,$1.10,8267.886466,4.2,1.17,1.1,"$13,814.06"
Y,D,JFE Lion,Cu Plating,45,36,33,$1.10,30790.7496,2.5,1.15,1.02,"$27,909.84"
Z,B,JFE Lion,Ni Plating,67,68,24,$2.80,30762.47526,4.2,1.15,1.05,"$122,750.16"
Y,B,JFE Lion,Ni Plating,122,31,30,$2.80,21912.60876,2.5,1.15,1.05,"$52,045.79"
Z,B,TenarisHydril Blue®,Ni Plating,72,45,4,$2.80,565.4866776,4.2,1.17,1.05,"$2,295.68"
X,B,TenarisHydril Blue®,Carbide Coating,194,28,33,$2.80,23948.3608,1.8,1.17,1.1,"$43,650.70"
Z,D,TenarisHydril Blue®,Phosphating,198,50,39,$1.10,59729.53033,4.2,1.17,1,"$90,724.22"
Z,A,TenarisHydril Blue®,Xylan Coating,172,13,20,$12.00,4084.07045,4.2,1.17,1.01,"$68,349.81"
Y,C,JFE Lion,Cu Plating,96,59,3,$3.50,417.0464248,2.5,1.15,1.02,"$1,202.81"
Y,A,JFE Lion,Cu Plating,168,68,37,$12.00,73114.28583,2.5,1.15,1.02,"$722,982.57"
X,A,VAM TOP®,Ni Plating,49,23,24,$12.00,10404.95487,1.8,1.2,1.05,"$79,573.93"
Y,D,VAM TOP®,Carbide Coating,166,91,24,$1.10,41167.43013,2.5,1.2,1.1,"$41,992.01"
X,B,TenarisHydril Blue®,Cu Plating,81,135,37,$2.80,145153.3616,1.8,1.17,1.02,"$245,329.62"
X,D,TenarisHydril Blue®,Cu Plating,96,53,40,$1.10,66601.76426,1.8,1.17,1.02,"$44,222.50"
Z,D,VAM TOP®,Carbide Coating,193,135,19,$1.10,38276.37949,4.2,1.2,1.1,"$65,592.33"
X,A,VAM TOP®,Ni Plating,104,77,17,$12.00,17477.46533,1.8,1.2,1.05,"$133,662.34"
Y,A,JFE Lion,Carbide Coating,78,88,25,$12.00,43196.89899,2.5,1.15,1.1,"$460,649.57"
X,A,TenarisHydril Blue®,Ni Plating,75,124,4,$12.00,1558.229956,1.8,1.17,1.05,"$11,618.95"
X,C,JFE Lion,Xylan Coating,183,110,31,$3.50,83024.43985,1.8,1.15,1.01,"$170,715.14"
Y,A,TenarisHydril Blue®,Phosphating,51,58,10,$12.00,4555.309348,2.5,1.17,1,"$44,929.47"
Y,A,JFE Lion,Phosphating,178,78,27,$12.00,44659.31037,2.5,1.15,1,"$432,949.68"
Y,A,VAM TOP®,Carbide Coating,83,133,38,$12.00,150837.2881,2.5,1.2,1.1,"$1,678,457.01"
Y,A,TenarisHydril Blue®,Phosphating,162,10,29,$12.00,6605.198554,2.5,1.17,1,"$65,147.73"
Z,A,VAM TOP®,Cu Plating,125,35,4,$12.00,439.8229715,4.2,1.2,1.02,"$7,624.23"
Y,A,JFE Lion,Ni Plating,44,111,12,$12.00,12553.80424,2.5,1.15,1.05,"$127,788.00"
Z,A,JFE Lion,Xylan Coating,11,134,8,$12.00,6735.574649,4.2,1.15,1.01,"$110,797.69"
Z,A,TenarisHydril Blue®,Phosphating,26,25,4,$12.00,314.1592654,4.2,1.17,1,"$5,205.62"
Y,A,TenarisHydril Blue®,Xylan Coating,72,128,21,$12.00,44334.15553,2.5,1.17,1.01,"$441,644.93"
X,B,TenarisHydril Blue®,Ni Plating,39,8,18,$2.80,2035.75204,1.8,1.17,1.05,"$3,541.90"
Y,B,JFE Lion,Ni Plating,27,62,35,$2.80,59650.99051,2.5,1.15,1.05,"$141,680.20"
X,C,TenarisHydril Blue®,Ni Plating,79,37,36,$3.50,37661.41273,1.8,1.17,1.05,"$81,906.55"
Z,D,TenarisHydril Blue®,Phosphating,132,81,36,$1.10,82447.9576,4.2,1.17,1,"$125,231.64"
Y,D,VAM TOP®,Cu Plating,4,74,9,$1.10,4707.676591,2.5,1.2,1.02,"$4,452.74"
X,A,JFE Lion,Phosphating,19,107,34,$12.00,97147.46963,1.8,1.15,1,"$678,093.22"
Z,B,TenarisHydril Blue®,Cu Plating,27,132,14,$2.80,20319.82128,4.2,1.17,1.02,"$80,134.51"
Y,D,VAM TOP®,Ni Plating,101,129,20,$1.10,40526.54523,2.5,1.2,1.05,"$39,459.28"
X,A,TenarisHydril Blue®,Phosphating,48,23,1,$12.00,18.06415776,1.8,1.17,1,$128.28
Z,C,TenarisHydril Blue®,Cu Plating,131,94,2,$3.50,295.3097094,4.2,1.17,1.02,"$1,455.75"
Y,D,TenarisHydril Blue®,Xylan Coating,125,90,5,$1.10,1767.145868,2.5,1.17,1.01,"$1,613.68"
Z,B,TenarisHydril Blue®,Carbide Coating,146,42,40,$2.80,52778.75658,4.2,1.17,1.1,"$224,466.40"
Y,C,TenarisHydril Blue®,Xylan Coating,14,36,8,$3.50,1809.557368,2.5,1.17,1.01,"$5,257.68"
X,C,JFE Lion,Phosphating,140,54,4,$3.50,678.5840132,1.8,1.15,1,"$1,381.49"
Y,D,JFE Lion,Phosphating,172,96,4,$1.10,1206.371579,2.5,1.15,1,"$1,072.06"
X,B,VAM TOP®,Carbide Coating,143,51,13,$2.80,6769.34677,1.8,1.2,1.1,"$12,654.87"
Z,B,VAM TOP®,Phosphating,120,76,7,$2.80,2924.82276,4.2,1.2,1,"$11,598.30"
Y,C,TenarisHydril Blue®,Carbide Coating,118,59,17,$3.50,13391.82408,2.5,1.17,1.1,"$42,377.24"
X,C,VAM TOP®,Xylan Coating,113,108,35,$3.50,103908.177,1.8,1.2,1.01,"$222,945.76"
Y,A,TenarisHydril Blue®,Carbide Coating,167,91,27,$12.00,52102.52876,2.5,1.17,1.1,"$565,281.70"
Z,C,VAM TOP®,Ni Plating,72,88,9,$3.50,5598.318109,4.2,1.2,1.05,"$29,137.47"
Y,A,TenarisHydril Blue®,Carbide Coating,154,67,6,$12.00,1894.38037,2.5,1.17,1.1,"$20,552.91"
Y,A,VAM TOP®,Phosphating,173,107,35,$12.00,102946.0643,2.5,1.2,1,"$1,041,402.39"
Z,B,VAM TOP®,Carbide Coating,198,74,31,$2.80,55852.80499,4.2,1.2,1.1,"$243,631.01"
X,D,VAM TOP®,Ni Plating,123,32,19,$1.10,9072.919584,1.8,1.2,1.05,"$6,360.47"
X,C,TenarisHydril Blue®,Ni Plating,34,16,22,$3.50,6082.123377,1.8,1.17,1.05,"$13,227.48"
Z,D,VAM TOP®,Cu Plating,50,23,17,$1.10,5220.541592,4.2,1.2,1.02,"$8,295.55"
Y,D,VAM TOP®,Cu Plating,193,61,10,$1.10,4790.928797,2.5,1.2,1.02,"$4,531.48"
Y,B,JFE Lion,Xylan Coating,30,1,2,$2.80,3.141592654,2.5,1.15,1.01,$7.18
Y,B,TenarisHydril Blue®,Xylan Coating,118,82,21,$2.80,28401.56838,2.5,1.17,1.01,"$66,016.72"
Y,A,JFE Lion,Cu Plating,184,35,24,$12.00,15833.62697,2.5,1.15,1.02,"$156,569.08"
Y,A,TenarisHydril Blue®,Xylan Coating,75,111,10,$12.00,8717.919614,2.5,1.17,1.01,"$86,845.57"
Z,A,TenarisHydril Blue®,Ni Plating,161,107,28,$12.00,65885.48113,4.2,1.17,1.05,"$1,146,309.10"
X,C,JFE Lion,Ni Plating,167,129,2,$3.50,405.2654523,1.8,1.15,1.05,$866.31
Y,B,VAM TOP®,Xylan Coating,200,19,17,$2.80,4312.621315,2.5,1.2,1.01,"$10,281.31"
Z,C,TenarisHydril Blue®,Phosphating,133,21,2,$3.50,65.97344573,4.2,1.17,1,$318.84
Z,A,TenarisHydril Blue®,Carbide Coating,24,5,40,$12.00,6283.185307,4.2,1.17,1.1,"$114,523.67"
Z,D,VAM TOP®,Ni Plating,56,119,12,$1.10,13458.58293,4.2,1.2,1.05,"$22,014.97"
Y,B,JFE Lion,Cu Plating,37,121,27,$2.80,69279.1866,2.5,1.15,1.02,"$159,847.24"
X,C,VAM TOP®,Carbide Coating,131,2,18,$3.50,508.9380099,1.8,1.2,1.1,"$1,189.28"
Y,A,TenarisHydril Blue®,Carbide Coating,38,20,15,$12.00,3534.291735,2.5,1.17,1.1,"$38,344.98"
X,D,JFE Lion,Xylan Coating,32,39,23,$1.10,16203.54951,1.8,1.15,1.01,"$10,471.31"
Z,C,VAM TOP®,Carbide Coating,102,125,20,$3.50,39269.90817,4.2,1.2,1.1,"$214,120.12"
Y,B,JFE Lion,Carbide Coating,160,86,7,$2.80,3309.667861,2.5,1.15,1.1,"$8,235.30"
Z,C,TenarisHydril Blue®,Ni Plating,168,29,40,$3.50,36442.47478,4.2,1.17,1.05,"$184,929.71"
X,C,JFE Lion,Xylan Coating,142,15,9,$3.50,954.2587685,1.8,1.15,1.01,"$1,962.15"
X,C,TenarisHydril Blue®,Ni Plating,55,18,26,$3.50,9556.724852,1.8,1.17,1.05,"$20,784.09"
Z,C,TenarisHydril Blue®,Carbide Coating,105,45,8,$3.50,2261.946711,4.2,1.17,1.1,"$12,024.99"
X,A,JFE Lion,Xylan Coating,71,81,6,$12.00,2290.221044,1.8,1.15,1.01,"$16,145.69"
X,A,TenarisHydril Blue®,Xylan Coating,26,128,10,$12.00,10053.09649,1.8,1.17,1.01,"$72,105.29"
Z,A,JFE Lion,Phosphating,13,42,8,$12.00,2111.150263,4.2,1.15,1,"$34,383.80"
X,D,TenarisHydril Blue®,Xylan Coating,136,110,1,$1.10,86.39379797,1.8,1.17,1.01,$56.80
Z,B,TenarisHydril Blue®,Carbide Coating,98,105,7,$2.80,4040.873551,4.2,1.17,1.1,"$17,185.71"
Z,C,VAM TOP®,Ni Plating,32,85,24,$3.50,38453.09408,4.2,1.2,1.05,"$200,136.13"
Y,B,VAM TOP®,Phosphating,150,2,10,$2.80,157.0796327,2.5,1.2,1,$370.77
Y,B,VAM TOP®,Ni Plating,90,126,25,$2.80,61850.10537,2.5,1.2,1.05,"$153,290.54"
X,C,VAM TOP®,Phosphating,85,101,18,$3.50,25701.3695,1.8,1.2,1,"$54,598.96"
Y,D,TenarisHydril Blue®,Carbide Coating,195,81,13,$1.10,10751.31546,2.5,1.17,1.1,"$10,692.50"
Y,D,VAM TOP®,Xylan Coating,105,88,5,$1.10,1727.875959,2.5,1.2,1.01,"$1,618.28"
X,C,TenarisHydril Blue®,Ni Plating,154,82,39,$3.50,97956.42974,1.8,1.17,1.05,"$213,036.97"
Z,A,TenarisHydril Blue®,Cu Plating,23,78,39,$12.00,93178.06731,4.2,1.17,1.02,"$1,574,840.55"
X,C,JFE Lion,Ni Plating,199,107,24,$3.50,48405.65961,1.8,1.15,1.05,"$103,473.74"
Z,C,TenarisHydril Blue®,Xylan Coating,177,112,3,$3.50,791.6813487,4.2,1.17,1.01,"$3,864.39"
Z,D,TenarisHydril Blue®,Ni Plating,132,133,11,$1.10,12639.41264,4.2,1.17,1.05,"$20,158.13"
X,B,VAM TOP®,Phosphating,37,124,38,$2.80,140630.2535,1.8,1.2,1,"$238,999.43"
X,D,TenarisHydril Blue®,Phosphating,27,43,10,$1.10,3377.212103,1.8,1.17,1,"$2,198.45"
Y,B,JFE Lion,Xylan Coating,9,30,30,$2.80,21205.75041,2.5,1.15,1.01,"$48,448.15"
Y,A,JFE Lion,Phosphating,130,140,25,$12.00,68722.3393,2.5,1.15,1,"$666,228.72"
Z,B,VAM TOP®,Xylan Coating,157,103,15,$2.80,18201.60244,4.2,1.2,1.01,"$72,899.72"
X,D,JFE Lion,Ni Plating,14,110,8,$1.10,5529.20307,1.8,1.15,1.05,"$3,714.68"
Y,A,VAM TOP®,Ni Plating,121,139,19,$12.00,39410.49444,2.5,1.2,1.05,"$418,610.39"
Y,C,VAM TOP®,Carbide Coating,194,140,22,$3.50,53218.57955,2.5,1.2,1.1,"$172,723.56"
Z,C,JFE Lion,Ni Plating,4,45,9,$3.50,2862.776306,4.2,1.15,1.05,"$14,279.01"
X,D,TenarisHydril Blue®,Phosphating,6,119,39,$1.10,142156.2822,1.8,1.17,1,"$92,538.71"
X,B,JFE Lion,Phosphating,126,124,10,$2.80,9738.937226,1.8,1.15,1,"$15,861.57"
Y,D,VAM TOP®,Phosphating,184,112,9,$1.10,7125.132138,2.5,1.2,1,"$6,607.14"
X,A,JFE Lion,Phosphating,107,12,26,$12.00,6371.149901,1.8,1.15,1,"$44,470.88"
Z,D,JFE Lion,Cu Plating,133,140,37,$1.10,150529.412,4.2,1.15,1.02,"$229,228.00"
Y,C,TenarisHydril Blue®,Carbide Coating,4,52,13,$3.50,6902.07906,2.5,1.17,1.1,"$21,841.02"
X,B,TenarisHydril Blue®,Carbide Coating,72,24,14,$2.80,3694.512961,1.8,1.17,1.1,"$6,733.99"
Y,A,VAM TOP®,Phosphating,106,86,30,$12.00,60789.81785,2.5,1.2,1,"$614,949.80"
Y,D,TenarisHydril Blue®,Ni Plating,144,72,10,$1.10,5654.866776,2.5,1.17,1.05,"$5,368.30"
X,C,JFE Lion,Phosphating,4,74,33,$3.50,63292.0964,1.8,1.15,1,"$128,852.90"
Y,D,VAM TOP®,Cu Plating,48,74,26,$1.10,39288.75773,2.5,1.2,1.02,"$37,161.11"
Z,A,JFE Lion,Cu Plating,185,85,29,$12.00,56144.18771,4.2,1.15,1.02,"$932,695.05"
X,D,JFE Lion,Carbide Coating,29,35,40,$1.10,43982.29715,1.8,1.15,1.1,"$30,955.65"
X,D,TenarisHydril Blue®,Cu Plating,7,90,16,$1.10,18095.57368,1.8,1.17,1.02,"$12,015.17"
Y,C,TenarisHydril Blue®,Xylan Coating,101,24,16,$3.50,4825.486316,2.5,1.17,1.01,"$14,020.47"
X,D,TenarisHydril Blue®,Ni Plating,171,107,28,$1.10,65885.48113,1.8,1.17,1.05,"$45,033.57"
X,C,JFE Lion,Carbide Coating,130,94,20,$3.50,29530.97094,1.8,1.15,1.1,"$66,132.53"
Y,D,TenarisHydril Blue®,Xylan Coating,86,31,24,$1.10,14024.06961,2.5,1.17,1.01,"$12,806.20"
X,A,JFE Lion,Ni Plating,151,103,29,$12.00,68033.54511,1.8,1.15,1.05,"$498,620.71"
Y,C,VAM TOP®,Xylan Coating,93,109,11,$3.50,10358.61638,2.5,1.2,1.01,"$30,868.73"
Z,D,JFE Lion,Xylan Coating,134,103,33,$1.10,88095.75579,4.2,1.15,1.01,"$132,838.05"
X,B,VAM TOP®,Carbide Coating,155,40,8,$2.80,2010.619298,1.8,1.2,1.1,"$3,758.73"
Y,C,TenarisHydril Blue®,Cu Plating,143,4,5,$3.50,78.53981634,2.5,1.17,1.02,$230.46
Z,A,JFE Lion,Cu Plating,23,81,15,$12.00,14313.88153,4.2,1.15,1.02,"$237,789.29"
X,D,TenarisHydril Blue®,Carbide Coating,2,86,40,$1.10,108070.7873,1.8,1.17,1.1,"$77,385.28"
Z,C,JFE Lion,Xylan Coating,43,100,27,$3.50,57255.52611,4.2,1.15,1.01,"$274,701.02"
Y,B,JFE Lion,Phosphating,87,77,37,$2.80,82791.1766,2.5,1.15,1,"$187,277.78"
X,A,TenarisHydril Blue®,Xylan Coating,94,42,36,$12.00,42750.79283,1.8,1.17,1.01,"$306,627.77"
X,A,JFE Lion,Cu Plating,130,140,27,$12.00,80157.73656,1.8,1.15,1.02,"$570,694.29"
Y,C,TenarisHydril Blue®,Carbide Coating,190,58,33,$3.50,49607.3188,2.5,1.17,1.1,"$156,977.96"
X,D,JFE Lion,Phosphating,192,122,1,$1.10,95.81857593,1.8,1.15,1,$61.31
X,C,JFE Lion,Cu Plating,111,44,14,$3.50,6773.273761,1.8,1.15,1.02,"$14,065.12"
Z,D,VAM TOP®,Ni Plating,90,70,39,$1.10,83621.34246,4.2,1.2,1.05,"$136,784.21"
X,B,VAM TOP®,Ni Plating,97,41,27,$2.80,23474.76571,1.8,1.2,1.05,"$41,889.84"
Y,C,JFE Lion,Xylan Coating,53,5,22,$3.50,1900.663555,2.5,1.15,1.01,"$5,427.99"
Z,A,JFE Lion,Carbide Coating,187,61,10,$12.00,4790.928797,4.2,1.15,1.1,"$85,831.58"
Y,A,VAM TOP®,Phosphating,147,26,4,$12.00,326.725636,2.5,1.2,1,"$3,305.16"
Z,B,TenarisHydril Blue®,Carbide Coating,74,130,24,$2.80,58810.61448,4.2,1.17,1.1,"$250,119.70"
Z,A,VAM TOP®,Phosphating,184,37,17,$12.00,8398.262561,4.2,1.2,1,"$142,727.46"
X,D,JFE Lion,Xylan Coating,36,111,27,$1.10,63553.63398,1.8,1.15,1.01,"$41,070.61"
Z,D,JFE Lion,Phosphating,34,85,28,$1.10,52338.93361,4.2,1.15,1,"$78,139.57"
Z,D,JFE Lion,Xylan Coating,33,28,27,$1.10,16031.54731,4.2,1.15,1.01,"$24,173.69"
Y,B,TenarisHydril Blue®,Carbide Coating,45,139,3,$2.80,982.5331024,2.5,1.17,1.1,"$2,487.31"
Z,A,VAM TOP®,Ni Plating,102,37,27,$12.00,21184.54466,4.2,1.2,1.05,"$378,030.23"
X,C,VAM TOP®,Cu Plating,109,81,20,$3.50,25446.90049,1.8,1.2,1.02,"$55,139.55"
X,C,VAM TOP®,Phosphating,39,15,18,$3.50,3817.035074,1.8,1.2,1,"$8,108.76"
X,C,TenarisHydril Blue®,Ni Plating,49,132,29,$3.50,87188.62092,1.8,1.17,1.05,"$189,618.99"
Z,D,JFE Lion,Phosphating,19,55,14,$1.10,8466.592201,4.2,1.15,1,"$12,640.22"
Z,C,JFE Lion,Carbide Coating,125,16,21,$3.50,5541.769441,4.2,1.15,1.1,"$28,957.60"
X,D,VAM TOP®,Phosphating,24,28,2,$1.10,87.9645943,1.8,1.2,1,$58.73
Y,D,JFE Lion,Carbide Coating,91,13,14,$1.10,2001.19452,2.5,1.15,1.1,"$1,956.23"
Z,C,JFE Lion,Xylan Coating,146,50,31,$3.50,37738.38175,4.2,1.15,1.01,"$181,061.51"
Z,A,JFE Lion,Ni Plating,99,11,28,$12.00,6773.273761,4.2,1.15,1.05,"$115,830.42"
Y,D,TenarisHydril Blue®,Cu Plating,137,77,4,$1.10,967.6105373,2.5,1.17,1.02,$892.33
Y,D,TenarisHydril Blue®,Phosphating,104,124,5,$1.10,2434.734307,2.5,1.17,1,"$2,201.29"
X,C,TenarisHydril Blue®,Carbide Coating,156,92,17,$3.50,20882.16637,1.8,1.17,1.1,"$47,577.43"
Y,A,VAM TOP®,Carbide Coating,75,22,19,$12.00,6237.632214,2.5,1.2,1.1,"$69,409.88"
X,B,TenarisHydril Blue®,Xylan Coating,54,139,25,$2.80,68231.46545,1.8,1.17,1.01,"$114,190.19"
Z,A,TenarisHydril Blue®,Ni Plating,25,69,26,$12.00,36634.11193,4.2,1.17,1.05,"$637,378.90"
Y,D,TenarisHydril Blue®,Ni Plating,6,107,15,$1.10,18908.46078,2.5,1.17,1.05,"$17,950.24"
Y,B,VAM TOP®,Xylan Coating,65,32,23,$2.80,13295.22011,2.5,1.2,1.01,"$31,695.86"
Z,D,TenarisHydril Blue®,Cu Plating,90,16,35,$1.10,15393.804,4.2,1.17,1.02,"$23,849.56"
Z,B,JFE Lion,Ni Plating,103,19,12,$2.80,2148.849375,4.2,1.15,1.05,"$8,574.46"
Y,C,JFE Lion,Cu Plating,195,54,40,$3.50,67858.40132,2.5,1.15,1.02,"$195,711.35"
Z,C,JFE Lion,Carbide Coating,153,120,1,$3.50,94.24777961,4.2,1.15,1.1,$492.48
X,D,JFE Lion,Xylan Coating,170,67,38,$1.10,75985.70151,1.8,1.15,1.01,"$49,104.65"
Y,B,JFE Lion,Cu Plating,180,64,32,$2.80,51471.85404,2.5,1.15,1.02,"$118,760.55"
Z,C,TenarisHydril Blue®,Phosphating,37,44,9,$3.50,2799.159054,4.2,1.17,1,"$13,528.11"
Z,B,VAM TOP®,Carbide Coating,48,114,6,$2.80,3223.274063,4.2,1.2,1.1,"$14,059.98"
Z,D,JFE Lion,Xylan Coating,116,9,20,$1.10,2827.433388,4.2,1.15,1.01,"$4,263.44"
X,B,VAM TOP®,Carbide Coating,164,108,38,$2.80,122484.4144,1.8,1.2,1.1,"$228,976.87"
Z,B,JFE Lion,Ni Plating,195,75,14,$2.80,11545.353,4.2,1.15,1.05,"$46,068.92"
Z,B,TenarisHydril Blue®,Carbide Coating,110,71,6,$2.80,2007.477706,4.2,1.17,1.1,"$8,537.74"
Z,B,VAM TOP®,Ni Plating,48,28,17,$2.80,6355.441938,4.2,1.2,1.05,"$26,462.44"
Z,B,JFE Lion,Xylan Coating,188,60,35,$2.80,57726.76501,4.2,1.15,1.01,"$221,569.55"
X,D,VAM TOP®,Cu Plating,49,87,28,$1.10,53570.43793,1.8,1.2,1.02,"$36,481.96"
Z,B,TenarisHydril Blue®,Cu Plating,155,30,25,$2.80,14726.21556,4.2,1.17,1.02,"$58,075.22"
Y,C,TenarisHydril Blue®,Phosphating,14,120,5,$3.50,2356.19449,2.5,1.17,1,"$6,778.15"
Y,C,VAM TOP®,Cu Plating,172,130,4,$3.50,1633.62818,2.5,1.2,1.02,"$4,916.42"
X,D,TenarisHydril Blue®,Phosphating,94,22,23,$1.10,9140.463826,1.8,1.17,1,"$5,950.12"
Y,C,TenarisHydril Blue®,Carbide Coating,119,36,19,$3.50,10207.03453,2.5,1.17,1.1,"$32,299.25"
X,C,TenarisHydril Blue®,Xylan Coating,195,46,10,$3.50,3612.831552,1.8,1.17,1.01,"$7,557.91"
Y,B,VAM TOP®,Xylan Coating,178,96,16,$2.80,19301.94526,2.5,1.2,1.01,"$46,015.91"
X,A,VAM TOP®,Phosphating,23,38,17,$12.00,8625.24263,1.8,1.2,1,"$62,822.13"
Z,C,VAM TOP®,Carbide Coating,150,11,5,$3.50,215.9844949,4.2,1.2,1.1,"$1,177.66"
Z,C,TenarisHydril Blue®,Ni Plating,87,18,17,$3.50,4085.641246,4.2,1.17,1.05,"$20,732.85"
X,A,TenarisHydril Blue®,Carbide Coating,191,114,4,$12.00,1432.56625,1.8,1.17,1.1,"$11,190.60"
Y,C,TenarisHydril Blue®,Ni Plating,52,45,34,$3.50,40856.41246,2.5,1.17,1.05,"$123,409.83"
Y,C,JFE Lion,Cu Plating,57,122,18,$3.50,31045.2186,2.5,1.15,1.02,"$89,537.94"
Y,B,TenarisHydril Blue®,Cu Plating,186,16,29,$2.80,10568.31769,2.5,1.17,1.02,"$24,808.26"
Y,B,VAM TOP®,Ni Plating,65,84,30,$2.80,59376.10115,2.5,1.2,1.05,"$147,158.92"
X,D,TenarisHydril Blue®,Xylan Coating,59,11,14,$1.10,1693.31844,1.8,1.17,1.01,"$1,113.31"
Z,B,TenarisHydril Blue®,Ni Plating,2,120,14,$2.80,18472.5648,4.2,1.17,1.05,"$74,992.18"
Z,D,VAM TOP®,Cu Plating,92,105,1,$1.10,82.46680716,4.2,1.2,1.02,$131.04
Z,A,TenarisHydril Blue®,Xylan Coating,178,10,5,$12.00,196.3495408,4.2,1.17,1.01,"$3,286.05"
Y,B,JFE Lion,Xylan Coating,86,101,3,$2.80,713.9269305,2.5,1.15,1.01,"$1,631.09"
X,B,TenarisHydril Blue®,Cu Plating,48,58,34,$2.80,52659.37606,1.8,1.17,1.02,"$89,001.76"
Y,B,JFE Lion,Ni Plating,152,86,22,$2.80,32691.41315,2.5,1.15,1.05,"$77,647.09"
X,D,JFE Lion,Xylan Coating,107,138,12,$1.10,15607.4323,1.8,1.15,1.01,"$10,086.07"
Z,B,VAM TOP®,Phosphating,96,61,37,$2.80,65587.81523,4.2,1.2,1,"$260,086.64"
Z,B,JFE Lion,Phosphating,143,60,15,$2.80,10602.87521,4.2,1.15,1,"$40,293.51"
Z,B,VAM TOP®,Xylan Coating,91,23,30,$2.80,16257.74198,4.2,1.2,1.01,"$65,114.32"
Y,D,JFE Lion,Cu Plating,27,140,37,$1.10,150529.412,2.5,1.15,1.02,"$136,445.24"
Y,B,TenarisHydril Blue®,Xylan Coating,173,48,5,$2.80,942.4777961,2.5,1.17,1.01,"$2,190.70"
Z,C,TenarisHydril Blue®,Ni Plating,103,133,28,$3.50,81895.03729,4.2,1.17,1.05,"$415,581.69"
X,B,TenarisHydril Blue®,Ni Plating,6,27,25,$2.80,13253.59401,1.8,1.17,1.05,"$23,059.28"
Z,B,TenarisHydril Blue®,Carbide Coating,129,13,26,$2.80,6902.07906,4.2,1.17,1.1,"$29,354.33"
X,A,VAM TOP®,Xylan Coating,197,16,6,$12.00,452.3893421,1.8,1.2,1.01,"$3,327.94"
X,C,VAM TOP®,Phosphating,86,104,10,$3.50,8168.140899,1.8,1.2,1,"$17,352.07"
X,A,VAM TOP®,Carbide Coating,90,40,4,$12.00,502.6548246,1.8,1.2,1.1,"$4,027.21"
Y,A,TenarisHydril Blue®,Xylan Coating,148,53,12,$12.00,5994.158783,2.5,1.17,1.01,"$59,712.20"
X,B,TenarisHydril Blue®,Cu Plating,34,75,29,$2.80,49538.98916,1.8,1.17,1.02,"$83,727.87"
X,C,VAM TOP®,Xylan Coating,80,95,36,$3.50,96698.22188,1.8,1.2,1.01,"$207,476.05"
Z,C,TenarisHydril Blue®,Phosphating,149,3,36,$3.50,3053.628059,4.2,1.17,1,"$14,757.94"
Z,D,TenarisHydril Blue®,Cu Plating,94,45,26,$1.10,23891.81213,4.2,1.17,1.02,"$37,015.48"
X,A,TenarisHydril Blue®,Ni Plating,50,5,38,$12.00,5670.57474,1.8,1.17,1.05,"$42,282.66"
X,B,TenarisHydril Blue®,Carbide Coating,58,35,37,$2.80,37632.353,1.8,1.17,1.1,"$68,592.52"
Z,C,JFE Lion,Cu Plating,47,93,34,$3.50,84436.58575,4.2,1.15,1.02,"$409,121.53"
Y,B,TenarisHydril Blue®,Xylan Coating,101,5,2,$2.80,15.70796327,2.5,1.17,1.01,$36.51
Y,C,TenarisHydril Blue®,Xylan Coating,70,27,38,$3.50,30621.10359,2.5,1.17,1.01,"$88,969.77"
Y,D,VAM TOP®,Xylan Coating,78,135,29,$1.10,89170.18048,2.5,1.2,1.01,"$83,514.38"
X,A,TenarisHydril Blue®,Cu Plating,24,81,15,$12.00,14313.88153,1.8,1.17,1.02,"$103,682.04"
Z,D,JFE Lion,Ni Plating,119,94,19,$1.10,26651.70128,4.2,1.15,1.05,"$41,779.22"
Y,D,JFE Lion,Carbide Coating,176,122,37,$1.10,131175.6305,2.5,1.15,1.1,"$128,227.95"
Y,D,JFE Lion,Xylan Coating,191,84,3,$1.10,593.7610115,2.5,1.15,1.01,$532.93
X,D,VAM TOP®,Carbide Coating,33,102,14,$1.10,15701.68008,1.8,1.2,1.1,"$11,531.65"
Y,C,TenarisHydril Blue®,Cu Plating,193,41,33,$3.50,35067.2426,2.5,1.17,1.02,"$102,896.84"
Y,C,JFE Lion,Phosphating,179,1,12,$3.50,113.0973355,2.5,1.15,1,$319.79
X,A,VAM TOP®,Ni Plating,14,34,12,$12.00,3845.309408,1.8,1.2,1.05,"$29,407.76"
Y,D,VAM TOP®,Ni Plating,149,139,24,$1.10,62882.11855,2.5,1.2,1.05,"$61,226.12"
X,B,VAM TOP®,Phosphating,111,51,29,$2.80,33686.51263,1.8,1.2,1,"$57,249.82"
X,B,VAM TOP®,Cu Plating,184,67,19,$2.80,18996.42538,1.8,1.2,1.02,"$32,929.88"
X,D,JFE Lion,Carbide Coating,38,102,24,$1.10,46143.7129,1.8,1.15,1.1,"$32,476.90"
Z,B,TenarisHydril Blue®,Phosphating,18,48,10,$2.80,3769.911184,4.2,1.17,1,"$14,575.74"
Z,D,JFE Lion,Carbide Coating,47,137,34,$1.10,124385.0779,4.2,1.15,1.1,"$204,271.18"
Z,D,JFE Lion,Carbide Coating,1,138,28,$1.10,84973.79809,4.2,1.15,1.1,"$139,548.08"
X,D,VAM TOP®,Ni Plating,178,114,18,$1.10,29009.46656,1.8,1.2,1.05,"$20,336.76"
X,B,VAM TOP®,Cu Plating,134,75,12,$2.80,8482.300165,1.8,1.2,1.02,"$14,703.88"
X,B,TenarisHydril Blue®,Carbide Coating,28,55,6,$2.80,1555.088364,1.8,1.17,1.1,"$2,834.46"
Y,D,VAM TOP®,Ni Plating,77,81,36,$1.10,82447.9576,2.5,1.2,1.05,"$80,276.69"
Y,C,VAM TOP®,Xylan Coating,34,63,32,$3.50,50667.60632,2.5,1.2,1.01,"$150,989.72"
Y,A,TenarisHydril Blue®,Xylan Coating,182,125,23,$12.00,51934.45355,2.5,1.17,1.01,"$517,357.06"
Y,D,JFE Lion,Xylan Coating,174,97,27,$1.10,55537.86033,2.5,1.15,1.01,"$49,847.96"
Y,B,TenarisHydril Blue®,Ni Plating,44,88,36,$2.80,89573.08974,2.5,1.17,1.05,"$216,449.74"
Z,B,VAM TOP®,Ni Plating,32,130,30,$2.80,91891.58512,4.2,1.2,1.05,"$382,613.18"
X,A,VAM TOP®,Xylan Coating,178,116,12,$12.00,13119.29092,1.8,1.2,1.01,"$96,510.16"
Z,B,VAM TOP®,Cu Plating,29,109,34,$2.80,98963.31018,4.2,1.2,1.02,"$400,284.96"
Z,A,JFE Lion,Phosphating,47,23,37,$12.00,24729.83197,4.2,1.15,1,"$402,768.84"
Y,C,VAM TOP®,Carbide Coating,192,27,27,$3.50,15458.99205,2.5,1.2,1.1,"$50,172.93"
X,D,VAM TOP®,Phosphating,117,97,24,$1.10,43881.76619,1.8,1.2,1,"$29,297.92"
Z,B,VAM TOP®,Carbide Coating,38,52,11,$2.80,4941.725244,4.2,1.2,1.1,"$21,555.90"
X,C,TenarisHydril Blue®,Phosphating,120,74,6,$3.50,2092.300707,1.8,1.17,1,"$4,333.68"
Z,B,VAM TOP®,Xylan Coating,130,103,24,$2.80,46596.10224,4.2,1.2,1.01,"$186,623.29"
Z,B,TenarisHydril Blue®,Phosphating,68,54,28,$2.80,33250.61665,4.2,1.17,1,"$128,558.03"
X,A,VAM TOP®,Xylan Coating,38,110,30,$12.00,77754.41818,1.8,1.2,1.01,"$571,989.12"
Y,D,TenarisHydril Blue®,Cu Plating,52,69,32,$1.10,55493.09263,2.5,1.17,1.02,"$51,175.72"
X,C,VAM TOP®,Ni Plating,151,49,36,$3.50,49875.92497,1.8,1.2,1.05,"$111,252.14"
X,D,VAM TOP®,Carbide Coating,110,70,18,$1.10,17812.83035,1.8,1.2,1.1,"$13,082.13"
X,C,TenarisHydril Blue®,Xylan Coating,147,66,2,$3.50,207.3451151,1.8,1.17,1.01,$433.76
Y,C,VAM TOP®,Ni Plating,50,37,38,$3.50,41962.25307,2.5,1.2,1.05,"$130,000.11"
Y,A,JFE Lion,Ni Plating,132,125,20,$12.00,39269.90817,2.5,1.15,1.05,"$399,737.23"
Y,C,JFE Lion,Carbide Coating,71,83,26,$3.50,44067.12015,2.5,1.15,1.1,"$137,062.79"
Z,D,TenarisHydril Blue®,Carbide Coating,67,67,37,$1.10,72039.07574,4.2,1.17,1.1,"$120,363.55"
Z,C,TenarisHydril Blue®,Cu Plating,127,100,38,$3.50,113411.4948,4.2,1.17,1.02,"$559,070.74"
Y,B,VAM TOP®,Carbide Coating,151,67,4,$2.80,841.9468312,2.5,1.2,1.1,"$2,186.06"
X,B,TenarisHydril Blue®,Cu Plating,182,42,1,$2.80,32.98672286,1.8,1.17,1.02,$55.75
Z,B,JFE Lion,Xylan Coating,167,46,36,$2.80,46822.29691,4.2,1.15,1.01,"$179,715.51"
Y,A,VAM TOP®,Carbide Coating,180,120,25,$12.00,58904.86225,2.5,1.2,1.1,"$655,469.75"
Z,D,VAM TOP®,Cu Plating,101,12,5,$1.10,235.619449,4.2,1.2,1.02,$374.40
X,D,TenarisHydril Blue®,Xylan Coating,42,56,31,$1.10,42266.98756,1.8,1.17,1.01,"$27,789.46"
Z,A,JFE Lion,Cu Plating,124,31,34,$12.00,28145.52858,4.2,1.15,1.02,"$467,567.46"
X,B,TenarisHydril Blue®,Carbide Coating,16,61,22,$2.80,23188.09538,1.8,1.17,1.1,"$42,264.96"
Y,B,TenarisHydril Blue®,Phosphating,165,54,28,$2.80,33250.61665,2.5,1.17,1,"$76,522.64"
Z,B,TenarisHydril Blue®,Carbide Coating,180,98,8,$2.80,4926.017281,4.2,1.17,1.1,"$20,950.20"
X,B,TenarisHydril Blue®,Ni Plating,90,48,3,$2.80,339.2920066,1.8,1.17,1.05,$590.32
Z,D,VAM TOP®,Carbide Coating,142,17,22,$1.10,6462.256088,4.2,1.2,1.1,"$11,074.05"
X,C,JFE Lion,Cu Plating,139,82,27,$3.50,46949.53141,1.8,1.15,1.02,"$97,493.61"
Y,C,JFE Lion,Xylan Coating,42,19,1,$3.50,14.9225651,2.5,1.15,1.01,$42.62
X,D,JFE Lion,Phosphating,164,26,30,$1.10,18378.31702,1.8,1.15,1,"$11,759.13"
Y,C,VAM TOP®,Ni Plating,171,123,39,$3.50,146934.6446,2.5,1.2,1.05,"$455,207.20"
Z,A,JFE Lion,Cu Plating,58,92,27,$12.00,52675.08402,4.2,1.15,1.02,"$875,064.58"
X,A,VAM TOP®,Phosphating,82,85,13,$12.00,11282.24462,1.8,1.2,1,"$82,174.45"
Z,B,TenarisHydril Blue®,Cu Plating,149,31,24,$2.80,14024.06961,4.2,1.17,1.02,"$55,306.19"
X,B,VAM TOP®,Ni Plating,115,104,28,$2.80,64038.22465,1.8,1.2,1.05,"$114,273.80"
Z,A,JFE Lion,Ni Plating,55,94,29,$12.00,62088.86641,4.2,1.15,1.05,"$1,061,787.79"
X,B,VAM TOP®,Cu Plating,76,32,27,$2.80,18321.76836,1.8,1.2,1.02,"$31,760.38"
Z,D,TenarisHydril Blue®,Carbide Coating,4,115,29,$1.10,75959.78337,4.2,1.17,1.1,"$126,914.30"
X,B,JFE Lion,Xylan Coating,21,41,25,$2.80,20125.82794,1.8,1.15,1.01,"$33,106.24"
Y,C,JFE Lion,Phosphating,112,47,22,$3.50,17866.23742,2.5,1.15,1,"$50,517.90"
Z,A,TenarisHydril Blue®,Phosphating,122,12,7,$12.00,461.8141201,4.2,1.17,1,"$7,652.26"
Z,B,JFE Lion,Xylan Coating,14,57,21,$2.80,19742.55363,4.2,1.15,1.01,"$75,776.79"
Z,C,VAM TOP®,Ni Plating,132,123,29,$3.50,81243.94222,4.2,1.2,1.05,"$422,848.88"
Z,D,JFE Lion,Ni Plating,28,78,9,$1.10,4962.145596,4.2,1.15,1.05,"$7,778.66"
Y,D,VAM TOP®,Carbide Coating,173,131,27,$1.10,75004.73921,2.5,1.2,1.1,"$76,507.08"
X,A,JFE Lion,Xylan Coating,146,126,4,$12.00,1583.362697,1.8,1.15,1.01,"$11,162.45"
X,C,TenarisHydril Blue®,Xylan Coating,42,115,27,$3.50,65843.85503,1.8,1.17,1.01,"$137,742.94"
X,C,VAM TOP®,Carbide Coating,69,103,31,$3.50,77741.06641,1.8,1.2,1.1,"$181,665.01"
Y,C,VAM TOP®,Carbide Coating,189,61,1,$3.50,47.90928797,2.5,1.2,1.1,$155.49
X,B,VAM TOP®,Xylan Coating,62,40,10,$2.80,3141.592654,1.8,1.2,1.01,"$5,392.49"
X,D,VAM TOP®,Xylan Coating,167,81,14,$1.10,12468.98124,1.8,1.2,1.01,"$8,408.24"
Z,B,VAM TOP®,Carbide Coating,52,15,2,$2.80,47.1238898,4.2,1.2,1.1,$205.56
Z,A,JFE Lion,Carbide Coating,84,25,27,$12.00,14313.88153,4.2,1.15,1.1,"$256,439.43"
Y,B,VAM TOP®,Ni Plating,153,85,22,$2.80,32311.28044,2.5,1.2,1.05,"$80,080.92"
X,D,TenarisHydril Blue®,Cu Plating,30,14,37,$1.10,15052.9412,1.8,1.17,1.02,"$9,994.91"
X,C,VAM TOP®,Cu Plating,147,77,7,$3.50,2963.30727,1.8,1.2,1.02,"$6,421.03"
Y,B,TenarisHydril Blue®,Carbide Coating,14,130,36,$2.80,132323.8826,2.5,1.17,1.1,"$334,981.75"
Y,A,TenarisHydril Blue®,Xylan Coating,154,140,27,$12.00,80157.73656,2.5,1.17,1.01,"$798,509.81"
Z,C,VAM TOP®,Xylan Coating,54,63,19,$3.50,17862.31043,4.2,1.2,1.01,"$89,426.02"
X,A,JFE Lion,Cu Plating,27,77,21,$12.00,26669.76543,1.8,1.15,1.02,"$189,879.15"
Z,D,VAM TOP®,Cu Plating,141,15,9,$1.10,954.2587685,4.2,1.2,1.02,"$1,516.34"
Z,C,JFE Lion,Phosphating,4,105,16,$3.50,21111.50263,4.2,1.15,1,"$100,286.08"
X,B,TenarisHydril Blue®,Phosphating,24,14,12,$2.80,1583.362697,1.8,1.17,1,"$2,623.63"
Y,C,JFE Lion,Phosphating,78,117,9,$3.50,7443.218395,2.5,1.15,1,"$21,046.17"
X,D,JFE Lion,Carbide Coating,93,126,15,$1.10,22266.03793,1.8,1.15,1.1,"$15,671.30"
X,A,JFE Lion,Xylan Coating,15,110,40,$12.00,138230.0768,1.8,1.15,1.01,"$974,499.98"
Z,D,VAM TOP®,Phosphating,88,23,30,$1.10,16257.74198,4.2,1.2,1,"$25,327.35"
Y,A,TenarisHydril Blue®,Phosphating,188,116,6,$12.00,3279.82273,2.5,1.17,1,"$32,349.22"
Z,D,JFE Lion,Ni Plating,49,12,7,$1.10,461.8141201,4.2,1.15,1.05,$723.94
Z,C,VAM TOP®,Xylan Coating,173,23,24,$3.50,10404.95487,4.2,1.2,1.01,"$52,091.45"
Z,D,JFE Lion,Cu Plating,167,20,19,$1.10,5670.57474,4.2,1.15,1.02,"$8,635.22"
X,B,TenarisHydril Blue®,Phosphating,113,69,7,$2.80,2655.43119,1.8,1.17,1,"$4,400.05"
X,B,TenarisHydril Blue®,Cu Plating,161,125,39,$2.80,149323.8258,1.8,1.17,1.02,"$252,378.29"
Y,A,JFE Lion,Xylan Coating,144,37,9,$12.00,2353.838296,2.5,1.15,1.01,"$23,047.48"
X,B,JFE Lion,Ni Plating,33,131,25,$2.80,64304.47463,1.8,1.15,1.05,"$109,967.71"
Y,C,TenarisHydril Blue®,Carbide Coating,24,66,23,$3.50,27421.39148,2.5,1.17,1.1,"$86,772.56"
Y,A,JFE Lion,Phosphating,57,20,12,$12.00,2261.946711,2.5,1.15,1,"$21,928.44"
X,A,JFE Lion,Cu Plating,178,99,10,$12.00,7775.441818,1.8,1.15,1.02,"$55,358.35"
Z,A,TenarisHydril Blue®,Xylan Coating,55,1,36,$12.00,1017.87602,4.2,1.17,1.01,"$17,034.88"
Y,C,TenarisHydril Blue®,Carbide Coating,159,36,21,$3.50,12468.98124,2.5,1.17,1.1,"$39,456.98"
Z,C,JFE Lion,Phosphating,70,26,19,$3.50,7371.747162,4.2,1.15,1,"$35,018.05"
Z,C,VAM TOP®,Xylan Coating,53,17,33,$3.50,14540.0762,4.2,1.2,1.01,"$72,793.56"
Y,A,TenarisHydril Blue®,Xylan Coating,106,129,13,$12.00,17122.46536,2.5,1.17,1.01,"$170,569.39"
X,C,TenarisHydril Blue®,Xylan Coating,91,7,15,$3.50,1237.002107,1.8,1.17,1.01,"$2,587.76"
Z,C,VAM TOP®,Ni Plating,167,14,8,$3.50,703.7167544,4.2,1.2,1.05,"$3,662.62"
X,D,VAM TOP®,Xylan Coating,16,77,15,$1.10,13607.02318,1.8,1.2,1.01,"$9,175.66"
X,C,TenarisHydril Blue®,Xylan Coating,164,85,24,$3.50,38453.09408,1.8,1.17,1.01,"$80,442.47"
X,A,VAM TOP®,Xylan Coating,80,65,7,$12.00,2501.49315,1.8,1.2,1.01,"$18,401.87"
Y,C,VAM TOP®,Carbide Coating,176,131,19,$3.50,37142.26455,2.5,1.2,1.1,"$120,547.08"
Z,D,TenarisHydril Blue®,Carbide Coating,70,136,13,$1.10,18051.59139,4.2,1.17,1.1,"$30,160.76"
Y,A,TenarisHydril Blue®,Xylan Coating,163,32,5,$12.00,628.3185307,2.5,1.17,1.01,"$6,259.14"
Y,B,TenarisHydril Blue®,Ni Plating,165,81,3,$2.80,572.5552611,2.5,1.17,1.05,"$1,383.56"
X,C,TenarisHydril Blue®,Carbide Coating,142,126,32,$3.50,101335.2126,1.8,1.17,1.1,"$230,879.73"
Y,C,VAM TOP®,Cu Plating,153,96,24,$3.50,43429.37684,2.5,1.2,1.02,"$130,701.14"
Y,B,TenarisHydril Blue®,Carbide Coating,3,91,17,$2.80,20655.1863,2.5,1.17,1.1,"$52,289.20"
Z,C,VAM TOP®,Xylan Coating,29,139,9,$3.50,8842.797922,4.2,1.2,1.01,"$44,270.66"
X,B,VAM TOP®,Carbide Coating,199,89,2,$2.80,279.6017462,1.8,1.2,1.1,$522.70
Y,A,JFE Lion,Ni Plating,188,72,15,$12.00,12723.45025,2.5,1.15,1.05,"$129,514.86"
Z,C,TenarisHydril Blue®,Phosphating,144,2,26,$3.50,1061.858317,4.2,1.17,1,"$5,131.88"
Y,D,TenarisHydril Blue®,Xylan Coating,46,59,27,$1.10,33780.76041,2.5,1.17,1.01,"$30,847.19"
Z,C,JFE Lion,Carbide Coating,68,131,16,$3.50,26339.11281,4.2,1.15,1.1,"$137,630.70"
Y,C,TenarisHydril Blue®,Cu Plating,171,101,29,$3.50,66712.5054,2.5,1.17,1.02,"$195,752.65"
Z,C,TenarisHydril Blue®,Carbide Coating,90,33,30,$3.50,23326.32545,4.2,1.17,1.1,"$124,007.67"
Y,D,JFE Lion,Cu Plating,153,13,20,$1.10,4084.07045,2.5,1.15,1.02,"$3,701.95"
Y,C,JFE Lion,Phosphating,158,106,12,$3.50,11988.31757,2.5,1.15,1,"$33,897.72"
Y,A,TenarisHydril Blue®,Carbide Coating,111,18,28,$12.00,11083.53888,2.5,1.17,1.1,"$120,249.86"
Y,A,VAM TOP®,Xylan Coating,106,108,21,$12.00,37406.94373,2.5,1.2,1.01,"$382,192.73"
Z,A,TenarisHydril Blue®,Phosphating,145,84,31,$12.00,63400.48134,4.2,1.17,1,"$1,050,546.48"
X,C,JFE Lion,Cu Plating,122,39,6,$3.50,1102.699021,1.8,1.15,1.02,"$2,289.82"
Y,C,VAM TOP®,Ni Plating,54,73,28,$3.50,44949.90769,2.5,1.2,1.05,"$139,255.94"
X,C,TenarisHydril Blue®,Carbide Coating,82,47,26,$3.50,24953.67045,1.8,1.17,1.1,"$56,853.85"
X,B,VAM TOP®,Xylan Coating,28,31,36,$2.80,31554.15661,1.8,1.2,1.01,"$54,162.17"
X,B,TenarisHydril Blue®,Phosphating,35,97,16,$2.80,19503.00719,1.8,1.17,1,"$32,316.50"
X,D,TenarisHydril Blue®,Xylan Coating,69,90,8,$1.10,4523.893421,1.8,1.17,1.01,"$2,974.34"
Z,C,JFE Lion,Ni Plating,14,123,16,$3.50,24730.61737,4.2,1.15,1.05,"$123,351.87"
X,C,VAM TOP®,Ni Plating,77,88,17,$3.50,19974.24609,1.8,1.2,1.05,"$44,554.11"
Y,D,JFE Lion,Ni Plating,14,21,29,$1.10,13870.91696,2.5,1.15,1.05,"$12,942.89"
X,D,TenarisHydril Blue®,Phosphating,100,25,40,$1.10,31415.92654,1.8,1.17,1,"$20,450.66"
X,C,JFE Lion,Xylan Coating,75,78,39,$3.50,93178.06731,1.8,1.15,1.01,"$191,593.06"
Z,D,TenarisHydril Blue®,Ni Plating,58,126,21,$1.10,43641.43435,4.2,1.17,1.05,"$69,602.12"
Z,C,JFE Lion,Xylan Coating,82,51,39,$3.50,60924.12093,4.2,1.15,1.01,"$292,302.24"
X,A,JFE Lion,Cu Plating,58,114,37,$12.00,122573.9498,1.8,1.15,1.02,"$872,682.49"
X,D,VAM TOP®,Carbide Coating,98,136,35,$1.10,130847.334,1.8,1.2,1.1,"$96,097.11"
Z,C,VAM TOP®,Carbide Coating,95,11,40,$3.50,13823.00768,4.2,1.2,1.1,"$75,370.28"
X,D,JFE Lion,Cu Plating,50,19,6,$1.10,537.2123438,1.8,1.15,1.02,$350.60
Z,D,TenarisHydril Blue®,Xylan Coating,153,50,28,$1.10,30787.60801,4.2,1.17,1.01,"$47,231.47"
Y,C,VAM TOP®,Cu Plating,100,102,5,$3.50,2002.765317,2.5,1.2,1.02,"$6,027.34"
Z,A,TenarisHydril Blue®,Cu Plating,123,30,38,$12.00,34023.44844,4.2,1.17,1.02,"$575,044.19"
X,A,TenarisHydril Blue®,Phosphating,125,29,10,$12.00,2277.654674,1.8,1.17,1,"$16,174.61"
Z,B,JFE Lion,Carbide Coating,177,114,20,$2.80,35814.15625,4.2,1.15,1.1,"$149,712.79"
Z,C,VAM TOP®,Xylan Coating,67,94,15,$3.50,16611.17116,4.2,1.2,1.01,"$83,162.31"
Z,C,TenarisHydril Blue®,Carbide Coating,69,93,16,$3.50,18698.75947,4.2,1.17,1.1,"$99,406.55"
Z,D,JFE Lion,Xylan Coating,176,114,23,$1.10,47364.22164,4.2,1.15,1.01,"$71,419.68"
Y,D,TenarisHydril Blue®,Ni Plating,38,23,38,$1.10,26084.6438,2.5,1.17,1.05,"$24,762.76"
Y,C,VAM TOP®,Cu Plating,118,15,6,$3.50,424.1150082,2.5,1.2,1.02,"$1,276.38"
X,B,VAM TOP®,Cu Plating,183,91,7,$2.80,3502.090411,1.8,1.2,1.02,"$6,070.80"
Z,C,TenarisHydril Blue®,Phosphating,73,34,13,$3.50,4512.897847,4.2,1.17,1,"$21,810.47"
Y,A,JFE Lion,Carbide Coating,14,108,28,$12.00,66501.23329,2.5,1.15,1.1,"$709,165.83"
Y,D,JFE Lion,Xylan Coating,71,111,24,$1.10,50215.21697,2.5,1.15,1.01,"$45,070.62"
X,D,JFE Lion,Ni Plating,167,79,12,$1.10,8934.689507,1.8,1.15,1.05,"$6,002.58"
Y,B,TenarisHydril Blue®,Cu Plating,59,129,33,$2.80,110333.5194,2.5,1.17,1.02,"$258,998.87"
Z,B,VAM TOP®,Phosphating,185,117,3,$2.80,827.0242661,4.2,1.2,1,"$3,279.54"
X,D,TenarisHydril Blue®,Cu Plating,55,44,32,$1.10,35386.89965,1.8,1.17,1.02,"$23,496.33"
Y,C,TenarisHydril Blue®,Ni Plating,29,24,4,$3.50,301.5928947,2.5,1.17,1.05,$910.98
Z,C,TenarisHydril Blue®,Xylan Coating,81,82,15,$3.50,14490.59611,4.2,1.17,1.01,"$70,732.20"
Y,B,VAM TOP®,Carbide Coating,58,14,33,$2.80,11974.1804,2.5,1.2,1.1,"$31,090.24"
X,B,JFE Lion,Cu Plating,10,13,17,$2.80,2950.7409,1.8,1.15,1.02,"$4,901.92"
Y,D,JFE Lion,Carbide Coating,32,13,19,$1.10,3685.873581,2.5,1.15,1.1,"$3,603.05"
X,D,JFE Lion,Xylan Coating,75,30,21,$1.10,10390.8177,1.8,1.15,1.01,"$6,714.91"
X,B,TenarisHydril Blue®,Phosphating,45,9,40,$2.80,11309.73355,1.8,1.17,1,"$18,740.24"
X,C,JFE Lion,Xylan Coating,80,34,18,$3.50,8651.946168,1.8,1.15,1.01,"$17,790.16"
X,C,TenarisHydril Blue®,Ni Plating,1,122,20,$3.50,38327.43037,1.8,1.17,1.05,"$83,355.01"
X,D,JFE Lion,Cu Plating,95,82,25,$1.10,40251.65587,1.8,1.15,1.02,"$26,269.59"
X,C,TenarisHydril Blue®,Cu Plating,182,36,12,$3.50,4071.504079,1.8,1.17,1.02,"$8,601.77"
X,B,VAM TOP®,Xylan Coating,186,1,38,$2.80,1134.114948,1.8,1.2,1.01,"$1,946.69"
X,B,VAM TOP®,Cu Plating,107,19,8,$2.80,955.0441667,1.8,1.2,1.02,"$1,655.55"
Y,C,VAM TOP®,Phosphating,132,78,38,$3.50,88460.96594,2.5,1.2,1,"$261,004.08"
X,D,VAM TOP®,Xylan Coating,163,105,25,$1.10,51541.75447,1.8,1.2,1.01,"$34,756.28"
Z,B,TenarisHydril Blue®,Ni Plating,157,87,30,$2.80,61496.67619,4.2,1.17,1.05,"$249,655.10"
Z,A,VAM TOP®,Ni Plating,147,76,38,$12.00,86192.73604,4.2,1.2,1.05,"$1,538,076.97"
X,D,TenarisHydril Blue®,Cu Plating,102,41,16,$1.10,8243.539123,1.8,1.17,1.02,"$5,473.58"
X,A,VAM TOP®,Ni Plating,85,5,22,$12.00,1900.663555,1.8,1.2,1.05,"$14,535.70"
Y,B,JFE Lion,Cu Plating,183,24,17,$2.80,5447.521661,2.5,1.15,1.02,"$12,569.02"
Y,A,VAM TOP®,Cu Plating,14,126,19,$12.00,35724.62086,2.5,1.2,1.02,"$368,618.07"
X,B,TenarisHydril Blue®,Phosphating,118,4,31,$2.80,3019.07054,1.8,1.17,1,"$5,002.60"
X,A,TenarisHydril Blue®,Ni Plating,19,55,3,$12.00,388.7720909,1.8,1.17,1.05,"$2,898.88"
Z,D,VAM TOP®,Carbide Coating,175,129,1,$1.10,101.3163631,4.2,1.2,1.1,$173.62
X,B,JFE Lion,Phosphating,156,4,10,$2.80,314.1592654,1.8,1.15,1,$511.66
Z,D,JFE Lion,Phosphating,134,26,32,$1.10,20910.4407,4.2,1.15,1,"$31,218.31"
Z,A,VAM TOP®,Xylan Coating,28,92,1,$12.00,72.25663103,4.2,1.2,1.01,"$1,240.27"
Z,A,TenarisHydril Blue®,Ni Plating,84,78,12,$12.00,8821.592171,4.2,1.17,1.05,"$153,482.55"
Y,C,TenarisHydril Blue®,Xylan Coating,127,105,12,$3.50,11875.22023,2.5,1.17,1.01,"$34,503.51"
Y,C,JFE Lion,Phosphating,5,139,25,$3.50,68231.46545,2.5,1.15,1,"$192,928.73"
Z,A,JFE Lion,Cu Plating,8,75,16,$12.00,15079.64474,4.2,1.15,1.02,"$250,510.53"
Z,B,TenarisHydril Blue®,Cu Plating,199,107,21,$2.80,37060.58314,4.2,1.17,1.02,"$146,154.41"
Z,D,TenarisHydril Blue®,Phosphating,27,31,39,$1.10,37032.3088,4.2,1.17,1,"$56,249.02"
X,B,TenarisHydril Blue®,Carbide Coating,44,23,18,$2.80,5852.787114,1.8,1.17,1.1,"$10,667.88"
Z,D,JFE Lion,Phosphating,53,34,14,$1.10,5233.893361,4.2,1.15,1,"$7,813.96"
X,A,JFE Lion,Xylan Coating,3,61,9,$12.00,3880.652325,1.8,1.15,1.01,"$27,357.98"
X,B,JFE Lion,Cu Plating,155,61,25,$2.80,29943.30498,1.8,1.15,1.02,"$49,743.30"
Z,B,JFE Lion,Xylan Coating,87,61,35,$2.80,58688.87776,4.2,1.15,1.01,"$225,262.38"
Y,B,JFE Lion,Ni Plating,163,126,29,$2.80,83225.50178,2.5,1.15,1.05,"$197,673.26"
Y,D,JFE Lion,Carbide Coating,38,12,29,$1.10,7926.238265,2.5,1.15,1.1,"$7,748.13"
Y,B,JFE Lion,Cu Plating,120,132,19,$2.80,37425.79328,2.5,1.15,1.02,"$86,352.20"
Z,B,JFE Lion,Xylan Coating,186,49,33,$2.80,41909.6314,4.2,1.15,1.01,"$160,859.49"
Z,D,VAM TOP®,Carbide Coating,128,46,1,$1.10,36.12831552,4.2,1.2,1.1,$61.91
X,C,JFE Lion,Phosphating,144,94,8,$3.50,4724.955351,1.8,1.15,1,"$9,619.28"
X,C,VAM TOP®,Carbide Coating,170,117,11,$3.50,11118.8818,1.8,1.2,1.1,"$25,982.56"